-3.311187982559204	-0.5296115875244141	-0.31933480501174927	9.611599922180176	-2.2038497924804688	3.3333237171173096	-0.2552725672721863	-1.3418797254562378	-1.1049257516860962	-3.8790078163146973
-3.259251117706299	-1.5586267709732056	0.5180717706680298	4.151858329772949	-1.695928692817688	9.267264366149902	-1.260076642036438	-0.9262068867683411	-1.3606011867523193	-3.8766634464263916
-3.605010986328125	-2.634791851043701	-0.24945800006389618	1.3029744625091553	-2.011448860168457	14.492436408996582	-1.4718552827835083	0.027097143232822418	-2.376145839691162	-3.473994493484497
-3.740565538406372	-2.426295042037964	-1.5827172994613647	-2.5061733722686768	-2.355351448059082	16.274198532104492	-0.6544674038887024	0.5093522071838379	-1.316678524017334	-2.201521396636963
-3.3801441192626953	-2.5419504642486572	-2.8246371746063232	-4.790970802307129	-2.6108293533325195	18.37685775756836	-0.44919246435165405	0.5959112644195557	-0.1874975860118866	-2.187800168991089
-3.4588820934295654	-2.676826000213623	-2.849174737930298	-6.1344194412231445	-2.583423376083374	19.38051986694336	-0.3888334631919861	0.7885949015617371	0.17912501096725464	-2.2569549083709717
-3.480830669403076	-2.693408727645874	-3.121262788772583	-7.5285773277282715	-2.660682201385498	19.716402053833008	-0.321941077709198	1.1443061828613281	0.9434728026390076	-1.9977715015411377
-3.736776113510132	-2.547313928604126	-3.4666731357574463	-7.694045543670654	-2.44854998588562	20.32509422302246	-0.30113929510116577	1.1895081996917725	0.8111392259597778	-2.131540536880493
-3.6613664627075195	-2.500839948654175	-3.3894736766815186	-8.557207107543945	-2.838611125946045	20.646921157836914	-0.4380759596824646	1.33955717086792	1.4109455347061157	-2.012159585952759
-3.554548501968384	-2.550053834915161	-3.822197675704956	-8.481847763061523	-2.7763819694519043	20.86322021484375	-0.43210476636886597	1.2033777236938477	1.4805485010147095	-1.93031907081604
-3.8685085773468018	-2.278480052947998	-3.6837544441223145	-9.056486129760742	-2.9504075050354004	21.102306365966797	-0.3474978804588318	1.1362154483795166	1.8194979429244995	-1.8732001781463623
-3.918414354324341	-2.7549474239349365	-4.272830486297607	-9.071998596191406	-2.7503817081451416	21.51348876953125	0.05256231129169464	1.300179362297058	1.9192242622375488	-2.017194986343384
-3.9203598499298096	-2.4882383346557617	-3.34529185295105	-9.300203323364258	-2.5805530548095703	21.63425636291504	-0.576213538646698	1.1044602394104004	1.6434857845306396	-2.1716740131378174
-3.972053289413452	-2.9203262329101562	-3.806039571762085	-9.23449420928955	-2.55269455909729	21.571043014526367	-0.05350176990032196	1.334109902381897	1.7810791730880737	-2.147444486618042
-4.060340881347656	-2.529078483581543	-3.923213243484497	-9.429730415344238	-2.532165050506592	22.397579193115234	-0.5734722018241882	1.2510206699371338	1.603367567062378	-2.2043070793151855
-4.126378059387207	-2.9174835681915283	-4.121804237365723	-9.773240089416504	-2.482093572616577	21.704378128051758	0.10361941158771515	1.5933351516723633	2.036532402038574	-2.017190933227539
-4.357654571533203	-2.7968478202819824	-3.9463417530059814	-9.888418197631836	-2.4842209815979004	22.781898498535156	-0.025429412722587585	0.908454418182373	2.123668670654297	-2.3154656887054443
-4.0806474685668945	-2.9852404594421387	-4.306978225708008	-10.287444114685059	-2.7552995681762695	21.994718551635742	0.3936997056007385	1.7257065773010254	2.3239753246307373	-2.022819757461548
-4.48197078704834	-2.8993723392486572	-3.7885923385620117	-10.175440788269043	-2.3937249183654785	23.01031494140625	0.1120954304933548	1.044647455215454	2.1060290336608887	-2.5343434810638428
-4.105904579162598	-2.7936859130859375	-4.2967329025268555	-10.629030227661133	-2.6942243576049805	22.356914520263672	-0.07018010318279266	1.6363087892532349	2.3886451721191406	-1.792447805404663
-4.445415496826172	-2.938429832458496	-3.4236862659454346	-10.23243522644043	-2.6933255195617676	22.945470809936523	0.022394493222236633	0.8973166942596436	2.222261667251587	-2.354510545730591
-4.210468292236328	-2.9709668159484863	-4.227624893188477	-10.851411819458008	-2.543215274810791	22.56243324279785	-0.026085302233695984	1.8327878713607788	2.2889068126678467	-1.8546979427337646
-4.393292427062988	-2.930510997772217	-3.5586888790130615	-10.75621509552002	-2.5005264282226562	22.885334014892578	0.13530953228473663	1.157982587814331	2.2295339107513428	-2.269284963607788
-4.047299385070801	-3.2251288890838623	-4.194538116455078	-10.57758903503418	-2.5231802463531494	22.773794174194336	-0.2802206873893738	1.7512043714523315	2.280236005783081	-1.9576265811920166
-4.293402671813965	-2.778160572052002	-3.5495901107788086	-10.77924919128418	-2.4638772010803223	22.82539176940918	0.10639865696430206	1.136619210243225	2.127485990524292	-2.3319759368896484
-4.142086029052734	-3.347273349761963	-3.954761266708374	-10.455531120300293	-2.5058140754699707	22.8369083404541	-0.26055997610092163	1.8809802532196045	2.2295784950256348	-2.2817916870117188
-4.213809013366699	-2.851231098175049	-4.1959686279296875	-10.87514591217041	-2.3932113647460938	23.2171573638916	0.061497762799263	1.3586245775222778	2.172883987426758	-2.281163215637207
-4.056361198425293	-3.4077301025390625	-3.865715503692627	-10.640462875366211	-2.320802688598633	22.994733810424805	-0.4711422324180603	2.0830559730529785	2.1203174591064453	-2.436250925064087
-4.3978776931762695	-2.998785972595215	-3.866222620010376	-11.171504020690918	-2.464334011077881	23.109086990356445	0.28786617517471313	1.3451197147369385	2.462571859359741	-2.306285858154297
-3.92206072807312	-3.283386468887329	-4.300501823425293	-10.9775972366333	-2.106581211090088	22.942075729370117	-0.4762079119682312	2.1174917221069336	2.372318744659424	-2.3659050464630127
-4.550909996032715	-2.9051692485809326	-3.6840152740478516	-11.156723976135254	-2.6496458053588867	23.416444778442383	0.2524586319923401	1.3123360872268677	2.491403818130493	-2.526549816131592
-4.030512809753418	-3.3667151927948	-3.975883722305298	-10.957833290100098	-2.136359930038452	22.99650764465332	-0.2678946852684021	1.800229787826538	2.549318790435791	-2.6112072467803955
-4.538754463195801	-2.6792960166931152	-4.129136562347412	-11.332283973693848	-2.736720323562622	23.32209014892578	0.23301608860492706	1.411891222000122	2.740159511566162	-2.2913360595703125
-4.363171577453613	-3.182950258255005	-4.229151725769043	-11.164252281188965	-2.2736563682556152	23.628904342651367	-0.1833769530057907	1.8081369400024414	2.46628737449646	-2.5071263313293457
-4.587407112121582	-2.854614019393921	-3.8492915630340576	-11.336527824401855	-2.6296615600585938	23.724950790405273	0.13222678005695343	1.442471981048584	2.4233999252319336	-2.4659197330474854
-4.290711402893066	-3.27396821975708	-4.149319648742676	-10.798381805419922	-2.127957344055176	23.41012954711914	-0.2614232897758484	2.104130268096924	2.08577299118042	-2.69863224029541
-4.300050735473633	-2.7653794288635254	-4.151749610900879	-11.600767135620117	-2.5763626098632812	23.5588436126709	0.2280457764863968	1.3967938423156738	2.6390414237976074	-2.4287891387939453
-4.512605667114258	-3.2111732959747314	-4.215913772583008	-11.38815975189209	-2.230034112930298	23.32840347290039	0.08257253468036652	1.9243849515914917	2.584588050842285	-2.3624212741851807
-4.263827323913574	-2.7319626808166504	-4.355175018310547	-11.571879386901855	-2.5260090827941895	23.605117797851562	0.20079119503498077	1.5697616338729858	2.3807575702667236	-2.3079521656036377
-4.370316505432129	-3.0615978240966797	-4.369336128234863	-11.18544864654541	-2.423509120941162	23.14342498779297	-0.0709475725889206	2.052497625350952	2.590857982635498	-2.3059780597686768
-4.300226211547852	-2.7492146492004395	-4.201785087585449	-11.737327575683594	-2.5600874423980713	23.926197052001953	0.16869838535785675	1.3911590576171875	2.5523428916931152	-2.4901342391967773
-4.340606689453125	-3.0489463806152344	-4.675453186035156	-11.32018756866455	-2.249147415161133	23.194421768188477	0.04974563419818878	2.0937092304229736	2.622936964035034	-2.326829433441162
-4.652937889099121	-2.7365946769714355	-4.285611152648926	-11.599800109863281	-2.590609073638916	24.00205421447754	0.36596113443374634	1.348876953125	2.6563239097595215	-2.5080454349517822
-3.953535318374634	-3.2576169967651367	-4.868768692016602	-11.30274772644043	-2.2793378829956055	23.34478187561035	-0.15764038264751434	2.1875033378601074	2.6303648948669434	-2.3433632850646973
-4.674932479858398	-2.9365930557250977	-4.087264060974121	-11.505101203918457	-2.361762046813965	23.825136184692383	0.4037483334541321	1.3901340961456299	2.574267864227295	-2.6280086040496826
-4.1829118728637695	-3.4284749031066895	-4.846548080444336	-11.629579544067383	-2.177440643310547	23.84248161315918	-0.02142302691936493	2.3433878421783447	2.6344003677368164	-2.5342559814453125
-4.575588226318359	-3.015059471130371	-4.008635520935059	-11.711426734924316	-2.4327306747436523	23.742616653442383	0.383918821811676	1.4182385206222534	2.759315252304077	-2.5610270500183105
-4.354209899902344	-3.14652943611145	-4.797329425811768	-11.363780975341797	-2.1895580291748047	23.634580612182617	0.14559586346149445	2.1664299964904785	2.47296404838562	-2.568524122238159
-4.474666595458984	-3.083388566970825	-4.373086452484131	-11.687482833862305	-2.411187171936035	23.846647262573242	0.4411056637763977	1.6042331457138062	2.6643197536468506	-2.526872158050537
-4.284686088562012	-3.4952545166015625	-4.678493499755859	-11.331770896911621	-1.9167797565460205	23.381715774536133	0.16723521053791046	2.387718439102173	2.3955531120300293	-2.6255946159362793
-4.650290489196777	-3.055087089538574	-4.243070602416992	-11.630513191223145	-2.429781913757324	23.955974578857422	0.4817717671394348	1.6543447971343994	2.5348281860351562	-2.6185507774353027
-4.11601448059082	-3.439324378967285	-4.843525409698486	-11.572322845458984	-1.9000334739685059	23.35698127746582	-0.06242053210735321	2.262723207473755	2.7077269554138184	-2.3941543102264404
-4.642609596252441	-3.146415948867798	-4.349201679229736	-11.812945365905762	-2.2343931198120117	24.013927459716797	0.40618401765823364	1.8804233074188232	2.581984043121338	-2.6973330974578857
-4.129451751708984	-3.407219886779785	-4.614345550537109	-11.523701667785645	-2.0783071517944336	23.4384708404541	-0.15251605212688446	2.175842046737671	2.6925110816955566	-2.401641368865967
-4.650726318359375	-3.173591375350952	-4.332577228546143	-11.800349235534668	-2.1728744506835938	24.1872501373291	0.24340827763080597	1.9259339570999146	2.527789354324341	-2.7546470165252686
-4.10825252532959	-3.4312634468078613	-4.625136375427246	-11.453834533691406	-2.139106273651123	23.446287155151367	-0.18556062877178192	2.114312171936035	2.6577930450439453	-2.2755961418151855
-4.7902116775512695	-2.9974617958068848	-4.256531715393066	-11.873687744140625	-2.1966536045074463	24.189781188964844	0.160161092877388	1.9117456674575806	2.427527904510498	-2.5750529766082764
-4.214781761169434	-3.4347832202911377	-4.730250835418701	-11.328474998474121	-2.1660914421081543	23.57251739501953	-0.07981722056865692	2.202930212020874	2.61190128326416	-2.4335150718688965
-4.637469291687012	-2.9488542079925537	-4.183143615722656	-11.789512634277344	-2.260340452194214	24.045425415039062	0.13859422504901886	1.8241304159164429	2.4498507976531982	-2.6390621662139893
-4.344232559204102	-3.445199489593506	-4.695117950439453	-11.479117393493652	-2.145620107650757	23.45665168762207	0.08436544239521027	2.147838830947876	2.705151081085205	-2.2850770950317383
-4.620449066162109	-2.8043854236602783	-4.216212749481201	-11.860858917236328	-2.38195538520813	24.19764518737793	-0.012005016207695007	1.7565422058105469	2.4760184288024902	-2.5347256660461426
-4.445805549621582	-3.4924745559692383	-4.806854248046875	-11.343527793884277	-2.033973217010498	23.73151206970215	0.07505209743976593	2.2812728881835938	2.5685722827911377	-2.53413724899292
-4.6498613357543945	-2.957426071166992	-4.427518844604492	-11.799535751342773	-2.2746472358703613	24.179967880249023	0.06330044567584991	1.8820319175720215	2.574340343475342	-2.591038465499878
-4.397076606750488	-3.6431427001953125	-4.735739231109619	-11.35925006866455	-2.012417793273926	23.682828903198242	0.14797528088092804	2.2982308864593506	2.6442925930023193	-2.626065731048584
-4.7081451416015625	-2.8389205932617188	-4.214080810546875	-11.745627403259277	-2.28926944732666	24.122478485107422	-0.052477046847343445	1.7788009643554688	2.500969886779785	-2.554110288619995
-4.29164981842041	-3.547428846359253	-4.559211730957031	-11.277913093566895	-2.043816566467285	23.67081642150879	-0.025908395648002625	2.1426970958709717	2.543752908706665	-2.611701488494873
-4.814976692199707	-2.9926576614379883	-4.3458099365234375	-12.05667781829834	-2.2782020568847656	24.234811782836914	0.13353855907917023	1.9642590284347534	2.7334706783294678	-2.5781381130218506
-4.197202682495117	-3.620190143585205	-4.739321708679199	-11.47324275970459	-2.018113136291504	23.596708297729492	0.1126595288515091	2.215919256210327	2.760892868041992	-2.6384689807891846
-4.876087188720703	-2.7696123123168945	-4.257660865783691	-11.94163703918457	-2.265397787094116	24.11955451965332	0.15159685909748077	1.8461110591888428	2.5556511878967285	-2.5628952980041504
-4.171734809875488	-3.646305561065674	-4.696452617645264	-11.428495407104492	-2.006458282470703	23.523164749145508	-0.011248752474784851	2.344834089279175	2.7200982570648193	-2.6277577877044678
-4.882290840148926	-2.8074920177459717	-4.396490097045898	-11.825748443603516	-2.23391056060791	23.99483299255371	0.3133741021156311	1.8950307369232178	2.5168771743774414	-2.5745604038238525
-4.110925674438477	-3.744889497756958	-4.862681865692139	-11.4782075881958	-1.968945026397705	23.73933219909668	-0.037560150027275085	2.481396436691284	2.707432746887207	-2.7253143787384033
-4.88985538482666	-2.868955612182617	-4.221304893493652	-11.930914878845215	-2.285855293273926	24.15995216369629	0.3202250599861145	1.877577781677246	2.4676692485809326	-2.6289212703704834
-4.130182266235352	-3.5632081031799316	-5.078581809997559	-11.613259315490723	-1.926541805267334	23.77818489074707	-0.11416856944561005	2.389357566833496	2.8680074214935303	-2.609978437423706
-4.8583879470825195	-2.8954501152038574	-4.132836818695068	-11.760708808898926	-2.289794921875	24.15227699279785	0.23748309910297394	1.7117979526519775	2.4232020378112793	-2.587960720062256
-4.207674980163574	-3.4243264198303223	-5.092162132263184	-11.619329452514648	-1.9788196086883545	23.75346565246582	-0.06354968249797821	2.4286081790924072	2.778702974319458	-2.575284242630005
-4.923500061035156	-2.9667365550994873	-4.226181507110596	-11.63979721069336	-2.2081480026245117	24.262083053588867	0.26972395181655884	1.7207505702972412	2.3146984577178955	-2.6032731533050537
-4.242427825927734	-3.3119285106658936	-5.217244625091553	-11.672314643859863	-1.962104320526123	23.527587890625	0.05196507275104523	2.3535115718841553	2.9384632110595703	-2.4658725261688232
-4.828121185302734	-3.050001621246338	-4.370148181915283	-11.710455894470215	-2.238607883453369	24.44696617126465	0.18263204395771027	1.7574143409729004	2.4491348266601562	-2.63919734954834
-4.037081718444824	-3.356940746307373	-5.270902633666992	-11.826828956604004	-2.041261672973633	23.531084060668945	-0.06697551906108856	2.2855310440063477	3.1075334548950195	-2.324521064758301
-4.873567581176758	-3.0342273712158203	-4.236714839935303	-11.827677726745605	-2.1110172271728516	24.577173233032227	0.19406969845294952	1.7748829126358032	2.3565890789031982	-2.819897174835205
-4.031867980957031	-3.3330495357513428	-5.201076030731201	-11.910649299621582	-2.046602249145508	23.521728515625	-0.10176102817058563	2.3757593631744385	3.118597984313965	-2.3914401531219482
-4.861485481262207	-3.0411136150360107	-4.413089752197266	-11.83211612701416	-2.222548007965088	24.62862205505371	0.2697473168373108	1.7883470058441162	2.497999906539917	-2.8147499561309814
-4.067420959472656	-3.4460270404815674	-5.061885833740234	-11.658462524414062	-2.003624439239502	23.715951919555664	-0.18381087481975555	2.468780279159546	2.836289405822754	-2.6001570224761963
-4.865401268005371	-2.942172050476074	-4.322612285614014	-11.892666816711426	-2.4000625610351562	24.57093048095703	0.37548571825027466	1.6625373363494873	2.5671467781066895	-2.7535738945007324
-4.204402923583984	-3.2299065589904785	-5.1491618156433105	-11.969407081604004	-2.023064136505127	23.69285774230957	-0.1102394312620163	2.3731069564819336	3.0250673294067383	-2.4052176475524902
-4.851243019104004	-2.9347269535064697	-4.181962013244629	-11.84628963470459	-2.385526657104492	24.604387283325195	0.27122336626052856	1.6488327980041504	2.419830799102783	-2.7449212074279785
-4.302889823913574	-3.308612823486328	-5.085459232330322	-11.858144760131836	-1.994340419769287	23.793149948120117	-0.045012637972831726	2.3112661838531494	3.018476963043213	-2.5288028717041016
-4.886251449584961	-3.0378620624542236	-4.094506740570068	-11.857318878173828	-2.3053693771362305	24.61605453491211	0.2153824120759964	1.7407164573669434	2.3410732746124268	-2.732306718826294
-4.275785446166992	-3.4040281772613525	-5.114916801452637	-12.054866790771484	-1.9504647254943848	23.94415855407715	-0.02095453441143036	2.4163620471954346	3.0318517684936523	-2.5717267990112305
-4.9034013748168945	-3.132298707962036	-4.349623680114746	-11.99238395690918	-2.2033615112304688	24.616872787475586	0.3395453095436096	1.8904473781585693	2.4942679405212402	-2.7604503631591797
-4.273645401000977	-3.344428777694702	-5.082683086395264	-11.789803504943848	-1.9110469818115234	23.863529205322266	-0.12923972308635712	2.462197780609131	2.8818836212158203	-2.677133560180664
-4.8135223388671875	-3.2407610416412354	-4.509356498718262	-12.04708194732666	-2.080017566680908	24.63731575012207	0.4184015393257141	1.8670909404754639	2.5797274112701416	-2.812183141708374
-4.233819007873535	-3.2197000980377197	-5.153341293334961	-11.765225410461426	-1.8573708534240723	23.817228317260742	-0.26440709829330444	2.312392473220825	3.010891914367676	-2.647022247314453
-4.892206192016602	-3.210275173187256	-4.624187469482422	-12.140727996826172	-1.9764270782470703	24.682985305786133	0.42641788721084595	1.8874586820602417	2.5886731147766113	-2.7420973777770996
-4.297242164611816	-3.1939101219177246	-4.965370178222656	-11.765009880065918	-1.9772090911865234	23.685558319091797	-0.1527654379606247	2.1645052433013916	2.9621388912200928	-2.461066246032715
-4.861825942993164	-3.1890957355499268	-4.332201957702637	-11.91983699798584	-2.072207450866699	24.50682258605957	0.31857115030288696	1.770392656326294	2.4918930530548096	-2.7129015922546387
-4.314154624938965	-3.3040425777435303	-4.9052557945251465	-11.89497184753418	-1.9368267059326172	23.562646865844727	0.07336099445819855	2.4170873165130615	2.814185380935669	-2.5123887062072754
-4.899785041809082	-3.0780210494995117	-4.4526824951171875	-11.946219444274902	-2.027238368988037	24.348905563354492	0.4863808751106262	1.7237067222595215	2.566403865814209	-2.7218377590179443
-4.324932098388672	-3.43700909614563	-5.051930904388428	-12.004557609558105	-1.854956030845642	23.706541061401367	0.23574168980121613	2.6942381858825684	2.7591397762298584	-2.722644090652466
-4.990954399108887	-3.1677486896514893	-4.446351528167725	-12.145230293273926	-2.157771587371826	24.559961318969727	0.6289263367652893	1.7421603202819824	2.658451557159424	-2.6818253993988037
-2.7119357585906982	-1.5561091899871826	-2.8978073596954346	11.348034858703613	1.687617540359497	2.784501314163208	-1.5096282958984375	-1.4930310249328613	-2.966005802154541	-2.685803174972534
-2.6339266300201416	-3.838501453399658	-1.989701747894287	5.129501819610596	5.030869007110596	6.359647750854492	-1.3918129205703735	0.900789737701416	-4.646590232849121	-2.920416831970215
-2.1162776947021484	-4.272676467895508	-4.404260635375977	2.117966651916504	5.317660808563232	9.0465669631958	-0.8200574517250061	2.704756021499634	-3.8883132934570312	-3.6855289936065674
-2.4433445930480957	-4.300524711608887	-5.546325206756592	-0.04260045289993286	4.128108978271484	12.67624282836914	-0.5792596936225891	2.760063409805298	-2.8743577003479004	-3.778181791305542
-2.850273609161377	-4.483776569366455	-6.157481670379639	-2.279513120651245	3.1606826782226562	14.969491004943848	-1.0418765544891357	2.762239933013916	-1.066517949104309	-3.0131707191467285
-3.321950674057007	-3.993211269378662	-7.171564102172852	-2.720039129257202	1.1364279985427856	17.454172134399414	-1.576116919517517	2.4647414684295654	-0.10939359664916992	-2.1632866859436035
-3.5943830013275146	-4.453308582305908	-6.883335113525391	-4.170155048370361	1.8297860622406006	17.679780960083008	-1.2905021905899048	2.9169530868530273	0.08513108640909195	-2.1201958656311035
-3.692082405090332	-3.9992551803588867	-8.382309913635254	-4.675309181213379	0.6041266322135925	19.46915626525879	-1.6729518175125122	3.1979920864105225	0.9029853940010071	-1.7526075839996338
-3.9761416912078857	-4.6328887939453125	-7.704353332519531	-5.382090091705322	1.1082082986831665	19.443256378173828	-1.5116972923278809	3.0487184524536133	1.3394008874893188	-1.7326712608337402
-3.679213523864746	-3.863105535507202	-8.900690078735352	-5.0565876960754395	-0.03667007386684418	20.388864517211914	-2.12803053855896	3.442716598510742	1.2569808959960938	-1.424534797668457
-4.224621772766113	-4.912331581115723	-7.508023738861084	-5.328667163848877	1.1469124555587769	19.137596130371094	-0.2615055441856384	3.39184832572937	1.2122751474380493	-2.6537318229675293
-3.712965726852417	-4.0414533615112305	-9.053302764892578	-5.742642879486084	-0.007238730788230896	21.406400680541992	-2.195281744003296	3.1927692890167236	1.4403473138809204	-1.2869226932525635
-3.8364124298095703	-4.723039150238037	-7.949675559997559	-6.422877788543701	0.7474631071090698	20.419851303100586	-1.0668138265609741	3.1712143421173096	1.5175002813339233	-1.8574867248535156
-3.8934707641601562	-4.143841743469238	-9.048450469970703	-6.345956325531006	-0.06769190728664398	21.808168411254883	-1.873470664024353	3.3664629459381104	1.7144604921340942	-1.516507863998413
-3.6567280292510986	-4.625555038452148	-8.359107971191406	-6.81698751449585	0.6951082944869995	20.706300735473633	-1.0661816596984863	3.3631415367126465	1.5851881504058838	-1.8254575729370117
-3.897653102874756	-4.116767883300781	-9.138506889343262	-6.731347560882568	-0.17156927287578583	21.924711227416992	-1.802062749862671	3.199676513671875	1.9964890480041504	-1.2632737159729004
-3.8670809268951416	-4.737189769744873	-8.578897476196289	-6.58207368850708	0.23108352720737457	21.587297439575195	-1.3076528310775757	3.488077163696289	1.6680692434310913	-1.9019265174865723
-4.196382522583008	-4.1433329582214355	-9.520678520202637	-6.786736011505127	-0.16862808167934418	22.374982833862305	-1.9524728059768677	3.3617935180664062	1.9872255325317383	-0.9560761451721191
-4.044485092163086	-4.527402877807617	-8.586517333984375	-6.929157257080078	0.02477218210697174	21.80845832824707	-1.0135833024978638	3.3114006519317627	1.9509012699127197	-1.9946801662445068
-4.080126762390137	-4.125789642333984	-9.55267333984375	-7.1472697257995605	-0.49536532163619995	22.779747009277344	-1.9685996770858765	3.23598051071167	2.266847848892212	-0.9130675792694092
-3.995692014694214	-4.681838512420654	-8.825719833374023	-7.113552570343018	0.15329612791538239	21.93743896484375	-0.9990655779838562	3.3384833335876465	1.9796206951141357	-1.7932684421539307
-4.165740013122559	-4.242919921875	-9.714652061462402	-7.239178657531738	-0.5646029710769653	22.75786590576172	-1.8963037729263306	3.4066598415374756	2.3169095516204834	-0.6583479046821594
-4.045450210571289	-4.655359268188477	-9.028694152832031	-7.0021281242370605	-0.11330114305019379	22.283695220947266	-1.2783418893814087	3.2359659671783447	2.3791310787200928	-1.7758159637451172
-4.336078643798828	-4.521541118621826	-9.94058609008789	-7.249459743499756	-0.17998240888118744	22.83622169494629	-1.3156853914260864	3.7364659309387207	1.9524528980255127	-0.9821233749389648
-4.098621368408203	-4.565008640289307	-9.22803783416748	-7.3173089027404785	-0.39359134435653687	22.481252670288086	-1.4489222764968872	3.290297031402588	2.7894937992095947	-1.509864091873169
-4.431438446044922	-4.474752902984619	-9.894052505493164	-7.41985559463501	-0.18256627023220062	23.03394889831543	-1.3107470273971558	3.6416263580322266	2.0639352798461914	-1.0264135599136353
-3.950880289077759	-4.452843189239502	-9.406163215637207	-7.389194965362549	-0.26505452394485474	22.4342098236084	-1.6185458898544312	3.291248083114624	2.873466968536377	-1.516556739807129
-4.5122480392456055	-4.220015525817871	-9.684688568115234	-7.45678186416626	-0.3456898331642151	22.860355377197266	-1.4448152780532837	3.499199151992798	2.2352051734924316	-0.9308309555053711
-3.6291210651397705	-4.517294883728027	-9.111238479614258	-7.212690830230713	-0.4050218462944031	22.13859748840332	-1.9033546447753906	3.107442617416382	3.1301498413085938	-1.5977838039398193
-4.427498817443848	-4.258920192718506	-9.999629974365234	-7.75360631942749	-0.42399126291275024	23.347000122070312	-1.418857216835022	3.4684267044067383	2.4424736499786377	-0.9757122993469238
-3.9122750759124756	-4.811502456665039	-9.527069091796875	-7.932488918304443	-0.03643523156642914	22.253305435180664	-1.4342926740646362	3.724393844604492	2.9299476146698	-1.253901720046997
-4.481624603271484	-4.225602626800537	-9.872594833374023	-8.307768821716309	-0.279935359954834	23.490556716918945	-1.4752000570297241	3.7262866497039795	2.551246404647827	-1.125683307647705
-4.042136192321777	-4.884634494781494	-9.686298370361328	-7.836010456085205	0.03692890703678131	22.850263595581055	-1.5698574781417847	3.9105448722839355	2.6997485160827637	-1.4788691997528076
-4.698695182800293	-4.350939750671387	-10.091026306152344	-8.020488739013672	-0.11001096665859222	23.438310623168945	-1.6327999830245972	3.8469479084014893	2.437103271484375	-0.8187205195426941
-4.107757568359375	-4.53192663192749	-9.793530464172363	-8.50171947479248	0.03927810490131378	23.160140991210938	-1.2952526807785034	3.620532512664795	3.0001535415649414	-1.5902433395385742
-4.575819969177246	-4.28827428817749	-9.77247428894043	-7.8530449867248535	0.04412020742893219	23.33680534362793	-2.094435930252075	3.8585641384124756	2.2818098068237305	-0.9375702738761902
-4.316728591918945	-4.832439422607422	-9.66362476348877	-8.42113208770752	-0.021401628851890564	22.93425750732422	-1.0320833921432495	3.869506359100342	2.9374988079071045	-1.454164981842041
-4.53969669342041	-4.435912609100342	-10.132250785827637	-8.106141090393066	-0.18563638627529144	23.50542640686035	-1.7495330572128296	3.9774069786071777	2.5002331733703613	-0.8342230916023254
-4.3506059646606445	-4.759886264801025	-9.44412612915039	-8.181513786315918	-0.03758488595485687	22.966899871826172	-1.2898799180984497	3.727991819381714	2.943772792816162	-1.5753824710845947
-4.614166259765625	-4.426344394683838	-9.975814819335938	-8.166711807250977	-0.31158435344696045	23.594463348388672	-1.462844967842102	3.959533929824829	2.554541826248169	-1.151398777961731
-4.296116828918457	-4.650975704193115	-9.624406814575195	-8.403556823730469	-0.06368790566921234	23.2247371673584	-1.318109393119812	3.6700260639190674	2.873603343963623	-1.4118363857269287
-4.59300422668457	-4.449521541595459	-10.230313301086426	-8.121979713439941	-0.3045010566711426	23.607824325561523	-1.653347134590149	3.9959630966186523	2.6113576889038086	-0.8628012537956238
-4.237630844116211	-4.362900257110596	-9.5147066116333	-8.687034606933594	-0.3517962694168091	23.333728790283203	-1.5360232591629028	3.2880823612213135	3.2939858436584473	-1.2260315418243408
-4.404685974121094	-4.346538066864014	-10.107308387756348	-8.366957664489746	-0.31097710132598877	23.364931106567383	-1.7689486742019653	4.0237202644348145	2.6196653842926025	-0.7032247185707092
-4.381726264953613	-4.566129207611084	-9.619098663330078	-8.45729923248291	-0.26097631454467773	23.210329055786133	-1.17385995388031	3.7119202613830566	3.024034261703491	-1.4875199794769287
-4.356301307678223	-4.292344093322754	-9.91212272644043	-8.394991874694824	-0.3090550899505615	23.4161376953125	-1.8154906034469604	3.9225924015045166	2.665276288986206	-0.9240308403968811
-4.247330665588379	-4.652858257293701	-9.631032943725586	-8.26990795135498	-0.21782581508159637	22.942398071289062	-1.1989637613296509	3.9503977298736572	2.9388952255249023	-1.614090919494629
-4.732913970947266	-4.37188196182251	-10.120170593261719	-8.475042343139648	-0.5943560600280762	23.763818740844727	-1.6268762350082397	3.9428515434265137	2.97859787940979	-0.7643491625785828
-4.394125938415527	-4.5724968910217285	-9.955734252929688	-8.38275146484375	-0.30124425888061523	23.41459846496582	-1.4286795854568481	3.9462554454803467	2.933577299118042	-1.259728193283081
-4.665639877319336	-4.304605007171631	-10.084854125976562	-8.538473129272461	-0.3711457848548889	23.70313262939453	-1.6207083463668823	4.138371467590332	2.7469558715820312	-1.0033602714538574
-4.274785041809082	-4.7642717361450195	-9.698419570922852	-8.09506607055664	-0.08123539388179779	23.00130844116211	-1.3879765272140503	4.040476322174072	2.8433961868286133	-1.5837452411651611
-4.675219535827637	-4.2189788818359375	-10.042318344116211	-8.662317276000977	-0.24766282737255096	23.463293075561523	-1.7495087385177612	3.9054152965545654	2.871751308441162	-0.6447794437408447
-4.0203094482421875	-4.582277774810791	-9.937468528747559	-8.816017150878906	-0.010499998927116394	23.40347671508789	-1.3316537141799927	3.773568868637085	3.051783800125122	-1.530935525894165
-4.730903625488281	-4.30961275100708	-9.899681091308594	-8.400930404663086	-0.6012696027755737	23.60429573059082	-1.5898433923721313	3.7802534103393555	3.012484073638916	-0.8651147484779358
-4.420516014099121	-4.814388751983643	-9.64486312866211	-8.446406364440918	-0.09526340663433075	23.290077209472656	-1.1905924081802368	4.029484748840332	2.9143106937408447	-1.6221637725830078
-4.691328048706055	-4.339340686798096	-9.607816696166992	-8.307306289672852	-0.5655394792556763	23.333559036254883	-1.721354603767395	3.718146562576294	2.9658095836639404	-0.7851545214653015
-4.486825942993164	-4.783445835113525	-9.803703308105469	-8.749017715454102	0.09890355169773102	23.28566551208496	-0.9176828265190125	4.119237899780273	2.9425718784332275	-1.706021785736084
-4.642807960510254	-4.389342784881592	-9.704805374145508	-8.393023490905762	-0.5454859137535095	23.336685180664062	-1.4460586309432983	3.7492172718048096	3.023146629333496	-0.9878494143486023
-4.554610252380371	-4.770266532897949	-10.070453643798828	-8.660014152526855	0.09914816915988922	23.684593200683594	-0.9584822058677673	4.204075336456299	2.709118366241455	-1.6834378242492676
-4.7125959396362305	-4.540773868560791	-9.692672729492188	-8.227802276611328	-0.2055232971906662	23.445344924926758	-1.6660438776016235	4.012461185455322	2.7626914978027344	-1.175405740737915
-4.485255241394043	-4.791991233825684	-10.048629760742188	-8.398913383483887	0.21612252295017242	23.836944580078125	-1.3425706624984741	4.196399688720703	2.4806582927703857	-1.6630995273590088
-4.589313507080078	-4.489366054534912	-9.80356216430664	-8.51691722869873	-0.6146413087844849	23.447778701782227	-1.4434093236923218	3.9443423748016357	3.0539493560791016	-0.9891899824142456
-4.477961540222168	-4.702779769897461	-9.954680442810059	-8.6835355758667	0.42451274394989014	23.629514694213867	-1.0839165449142456	4.064796447753906	2.5108747482299805	-1.7271530628204346
-4.732107162475586	-4.5379743576049805	-9.832582473754883	-8.185662269592285	-0.3748040199279785	23.61688804626465	-1.493606686592102	4.014057636260986	2.7628262042999268	-1.237368106842041
-4.308672904968262	-4.757635593414307	-10.017606735229492	-8.70357608795166	0.3186063766479492	23.623260498046875	-1.2336856126785278	3.9340603351593018	2.701061964035034	-1.556145191192627
-4.861912727355957	-4.4807233810424805	-9.956358909606934	-8.044991493225098	-0.18812452256679535	23.689645767211914	-1.4046846628189087	4.025985240936279	2.533853530883789	-1.3130159378051758
-4.266913414001465	-4.640286922454834	-10.210249900817871	-8.995381355285645	0.1220022588968277	23.77200698852539	-1.133294701576233	3.9660356044769287	2.9163427352905273	-1.5305957794189453
-4.768291473388672	-4.421014308929443	-9.89725112915039	-8.152960777282715	-0.23071108758449554	23.7414608001709	-1.588751196861267	4.120079040527344	2.6224656105041504	-1.4253582954406738
-3.9572532176971436	-4.73330020904541	-9.918699264526367	-9.071414947509766	0.07206203043460846	23.06383514404297	-1.0636943578720093	3.9602108001708984	3.100059986114502	-1.4521303176879883
-5.101260185241699	-4.454107284545898	-10.235879898071289	-8.354954719543457	-0.10487841069698334	24.006494522094727	-1.49484121799469	4.304558277130127	2.694145679473877	-1.2596080303192139
-3.948420286178589	-4.810317516326904	-9.879680633544922	-8.92016887664795	0.007475987076759338	22.9814510345459	-1.1817842721939087	4.045462131500244	3.054636240005493	-1.348980188369751
-4.873327255249023	-4.439359664916992	-9.89033031463623	-8.588692665100098	-0.051937028765678406	23.893388748168945	-1.7200101613998413	3.895909070968628	2.7878544330596924	-1.0138304233551025
-3.9359805583953857	-4.631057262420654	-9.53989315032959	-9.112288475036621	-0.06835071742534637	22.441556930541992	-0.788047730922699	3.8015177249908447	3.4283065795898438	-1.5960869789123535
-4.8164215087890625	-4.575189590454102	-9.704610824584961	-8.808171272277832	-0.2228236049413681	23.77475929260254	-1.6260312795639038	4.014725685119629	2.819894313812256	-0.8564582467079163
-4.421876907348633	-4.756708145141602	-10.27593994140625	-9.14896011352539	-0.11478982865810394	23.663293838500977	-0.8670057654380798	4.180490970611572	3.1712868213653564	-1.4301233291625977
-4.892971992492676	-4.476123332977295	-9.84170913696289	-8.383217811584473	-0.32594388723373413	23.985628128051758	-1.742806077003479	3.829843759536743	2.78873872756958	-0.9417610764503479
-4.7529497146606445	-4.524427890777588	-10.133140563964844	-8.736566543579102	-0.08705805242061615	23.332048416137695	-1.0272129774093628	4.363264560699463	2.983024835586548	-1.417306661605835
-4.896598815917969	-4.468872547149658	-9.874451637268066	-8.413524627685547	-0.24134908616542816	23.927627563476562	-1.519783616065979	3.8057024478912354	2.7976131439208984	-1.1166942119598389
-4.336822509765625	-4.65044641494751	-10.066245079040527	-9.216408729553223	0.017014041543006897	23.347124099731445	-0.8538419604301453	4.082728862762451	3.1393516063690186	-1.4627821445465088
-5.036223411560059	-4.405191421508789	-9.760173797607422	-8.39189624786377	-0.1012103408575058	23.99781036376953	-1.5108615159988403	3.9462523460388184	2.6299562454223633	-1.368795394897461
-4.160483360290527	-4.799448490142822	-9.914673805236816	-9.257403373718262	0.03627397119998932	22.944503784179688	-0.9460727572441101	4.248831272125244	3.0803921222686768	-1.2322473526000977
-4.977117538452148	-4.387012958526611	-9.765680313110352	-8.366692543029785	-0.17665670812129974	23.757719039916992	-1.3340801000595093	3.8875303268432617	2.8065714836120605	-1.4449076652526855
-4.199082374572754	-4.6311421394348145	-9.847782135009766	-9.189990043640137	0.048335567116737366	22.669342041015625	-1.1099857091903687	4.224688529968262	3.043126106262207	-1.0078315734863281
-5.104772567749023	-4.456003189086914	-9.718124389648438	-8.491047859191895	-0.008115038275718689	23.776506423950195	-1.3172465562820435	4.007880210876465	2.6676793098449707	-1.3570787906646729
-4.074863433837891	-4.808223724365234	-9.675936698913574	-8.938924789428711	0.042802825570106506	22.945199966430664	-1.1795259714126587	4.148526191711426	2.942706346511841	-1.4020884037017822
-5.201982498168945	-4.446614742279053	-9.996034622192383	-8.572677612304688	-0.0186755508184433	23.990495681762695	-1.3288027048110962	4.026702880859375	2.8356237411499023	-1.288360595703125
-4.163102149963379	-4.620772838592529	-9.821612358093262	-8.936057090759277	-0.21374200284481049	23.079252243041992	-1.2754195928573608	4.1374053955078125	3.1407296657562256	-1.3270056247711182
-5.208889007568359	-4.282717704772949	-10.04277229309082	-8.723947525024414	-0.13749675452709198	23.61602020263672	-1.2699445486068726	4.159463882446289	2.947577476501465	-1.057617425918579
-4.421306610107422	-4.790133953094482	-9.768070220947266	-8.821106910705566	0.033043280243873596	23.19590187072754	-1.0865973234176636	4.371578693389893	2.595904588699341	-1.3095426559448242
-5.028006553649902	-4.324976444244385	-10.075020790100098	-8.626504898071289	-0.28234535455703735	24.31097984313965	-1.5936716794967651	4.060568332672119	2.8850414752960205	-1.326404333114624
-4.589856147766113	-4.715092182159424	-9.423454284667969	-8.168233871459961	0.09445847570896149	23.234989166259766	-1.3132809400558472	4.3200836181640625	2.1871910095214844	-1.6271255016326904
-5.080262184143066	-4.411253452301025	-10.27255630493164	-8.742898941040039	-0.2527152895927429	24.153446197509766	-1.3801153898239136	4.208547115325928	2.9729902744293213	-1.1955161094665527
-4.252367973327637	-4.8049187660217285	-9.416739463806152	-8.93128490447998	0.24211455881595612	22.903894424438477	-1.2511719465255737	4.3184638023376465	2.5339269638061523	-1.342237949371338
-5.231656074523926	-4.440087795257568	-10.338468551635742	-8.801527976989746	-0.3228689432144165	24.226991653442383	-1.260799765586853	4.2529520988464355	3.110835313796997	-1.1957058906555176
-4.389701843261719	-4.7582011222839355	-9.528308868408203	-8.690770149230957	0.12031592428684235	23.232398986816406	-1.3199611902236938	4.257236480712891	2.5581307411193848	-1.48146390914917
-5.29123592376709	-4.461474418640137	-10.17698860168457	-8.707864761352539	-0.1086796373128891	24.038095474243164	-1.047434687614441	4.386560916900635	2.783003568649292	-1.414313554763794
-4.437779426574707	-4.819088935852051	-9.615978240966797	-9.17621898651123	0.031485095620155334	23.757734298706055	-1.0439709424972534	3.9840447902679443	2.8112828731536865	-1.4918432235717773
-5.21113395690918	-4.556127071380615	-10.335895538330078	-8.661722183227539	0.04442878067493439	24.18806266784668	-1.117404818534851	4.439148426055908	2.850867986679077	-1.6405572891235352
-4.485227584838867	-4.717572212219238	-9.706729888916016	-9.253630638122559	-0.09445904195308685	23.68587303161621	-0.8184935450553894	3.84216570854187	2.9812660217285156	-1.433521032333374
-4.997382164001465	-4.574173927307129	-10.288166999816895	-9.125649452209473	-0.09933505952358246	24.042449951171875	-1.2525626420974731	4.292730808258057	3.2683563232421875	-1.2666075229644775
-4.557573318481445	-4.7266974449157715	-9.33984661102295	-8.682509422302246	-0.19445465505123138	23.399206161499023	-1.0276113748550415	3.7083559036254883	2.904867649078369	-1.4840660095214844
-4.335841178894043	-3.1363601684570312	1.6371104717254639	9.66365909576416	-0.609427273273468	2.2811996936798096	4.173544883728027	-3.366412878036499	-1.8998684883117676	-4.407721519470215
-3.576448678970337	-3.8150548934936523	4.179970741271973	4.309700012207031	-0.8239758014678955	0.4915929436683655	9.643413543701172	-4.522546291351318	-2.1019046306610107	-3.7848610877990723
-2.541290044784546	-4.003231525421143	2.891897201538086	1.840393304824829	-0.19593589007854462	-0.21747976541519165	11.920677185058594	-4.656930446624756	-1.9386529922485352	-3.0995681285858154
-2.3565986156463623	-4.175126552581787	3.594808578491211	-1.4181842803955078	1.1416021585464478	0.4957519769668579	11.962478637695312	-4.229130268096924	-2.1679396629333496	-2.8477869033813477
-1.4770694971084595	-3.849931240081787	2.515909194946289	-2.27712082862854	-0.06438763439655304	-0.6540252566337585	12.950666427612305	-4.474252223968506	-1.0384377241134644	-1.6314857006072998
-2.3653862476348877	-3.9878125190734863	2.8450911045074463	-3.8546371459960938	1.8181626796722412	0.25397616624832153	13.1134614944458	-4.323949337005615	-1.5531184673309326	-1.9459331035614014
-1.835246205329895	-2.871647596359253	2.114975690841675	-3.5626494884490967	-0.018778309226036072	-0.23015302419662476	13.971243858337402	-4.8567585945129395	-1.386914610862732	-1.324232816696167
-2.308786630630493	-3.6352219581604004	1.8432600498199463	-5.418988227844238	2.359386444091797	0.03912300243973732	13.28541088104248	-3.726978063583374	-1.1667112112045288	-1.2706453800201416
-2.08642315864563	-3.125081777572632	2.3457963466644287	-3.9268975257873535	0.5601682066917419	-0.29416143894195557	14.267728805541992	-5.063718318939209	-1.4440481662750244	-1.2335270643234253
-1.9604525566101074	-3.324883222579956	1.851954698562622	-6.077320575714111	1.7868547439575195	0.5054155588150024	14.012202262878418	-3.8573544025421143	-1.7099264860153198	-1.2266597747802734
-2.0636146068573	-2.453291416168213	1.3668245077133179	-5.5341715812683105	1.0697511434555054	0.32959699630737305	14.461833000183105	-4.386162757873535	-1.9677152633666992	-0.8232269287109375
-2.0318753719329834	-3.6461551189422607	2.08302903175354	-6.809690952301025	2.50746488571167	0.20173007249832153	14.518342971801758	-3.96636700630188	-1.5561854839324951	-1.3004684448242188
-2.2351436614990234	-2.5848982334136963	1.1453696489334106	-6.590742111206055	1.674999475479126	0.47520506381988525	14.693734169006348	-4.104671001434326	-1.6773302555084229	-0.7967015504837036
-2.136981248855591	-3.6714019775390625	2.125763416290283	-6.9008402824401855	2.77731990814209	0.1776120662689209	14.492581367492676	-4.207058429718018	-1.3303782939910889	-1.3267905712127686
-2.401892900466919	-2.365158796310425	0.3502410054206848	-6.552290439605713	2.04421329498291	0.5296400785446167	14.748356819152832	-4.077294826507568	-1.469470500946045	-0.8065248131752014
-2.0155651569366455	-3.346479892730713	2.327753782272339	-7.679567813873291	3.087754726409912	0.38156265020370483	14.856630325317383	-4.260789394378662	-2.0057806968688965	-1.3457026481628418
-1.895185112953186	-2.357116222381592	1.3081170320510864	-7.069878101348877	1.889628291130066	0.008488897234201431	14.754473686218262	-3.8380367755889893	-2.0485610961914062	-0.7521141171455383
-2.0206692218780518	-3.451340913772583	2.483433961868286	-8.000226020812988	3.3484206199645996	0.595714271068573	14.803625106811523	-4.4772491455078125	-1.868478775024414	-1.4134223461151123
-1.978872537612915	-2.5544841289520264	1.3661003112792969	-7.131675720214844	2.1490578651428223	-0.4343200922012329	14.934287071228027	-3.950054168701172	-1.683518648147583	-0.7167030572891235
-1.9918639659881592	-3.0722458362579346	2.3261160850524902	-8.049979209899902	3.1273951530456543	1.1462808847427368	14.776025772094727	-4.337996959686279	-2.4613559246063232	-1.4625697135925293
-1.6660676002502441	-2.597327470779419	1.5394641160964966	-8.054652214050293	2.6045162677764893	-0.21844381093978882	14.818327903747559	-3.7137250900268555	-1.9392259120941162	-0.7730540633201599
-2.3335063457489014	-3.207284450531006	2.6560378074645996	-8.106291770935059	2.784621238708496	1.0243366956710815	15.134427070617676	-4.646968841552734	-1.9983432292938232	-1.3072242736816406
-2.0408992767333984	-2.6998648643493652	1.2944082021713257	-7.922337055206299	2.4207262992858887	-0.02719145640730858	14.947009086608887	-3.7709879875183105	-1.6258481740951538	-0.5752018690109253
-2.125201463699341	-3.004368543624878	2.8854291439056396	-8.555197715759277	2.9503445625305176	1.0014675855636597	15.015032768249512	-4.611883163452148	-2.381575345993042	-1.174248456954956
-1.607082724571228	-2.821118116378784	1.1704896688461304	-8.548645973205566	2.8266234397888184	-0.2821207642555237	14.493290901184082	-3.487673044204712	-1.3309149742126465	-0.4130331575870514
-2.0519776344299316	-3.0499730110168457	3.005000352859497	-8.441091537475586	2.7195417881011963	1.15457284450531	15.430535316467285	-4.975552558898926	-2.288220167160034	-1.5030381679534912
-1.415061593055725	-2.59116268157959	1.3594002723693848	-8.993755340576172	2.9794728755950928	-0.6302499175071716	14.903188705444336	-3.688244104385376	-1.686134934425354	-0.23764443397521973
-1.8593978881835938	-3.2974913120269775	2.773153066635132	-8.742660522460938	2.638000011444092	0.9157326221466064	15.165035247802734	-4.5304789543151855	-1.990569829940796	-1.071521282196045
-1.778082013130188	-2.4806644916534424	1.1284682750701904	-8.546904563903809	3.2222700119018555	-0.5478814244270325	15.30533218383789	-4.078288555145264	-1.8955942392349243	-0.3288508951663971
-1.6405028104782104	-3.266486644744873	2.6171939373016357	-8.825325012207031	2.792792320251465	0.7546672821044922	15.337007522583008	-4.190309047698975	-2.1524853706359863	-1.426745891571045
-1.481162190437317	-2.4957499504089355	2.0845792293548584	-8.990485191345215	3.5413241386413574	-0.8897275328636169	15.335447311401367	-4.187526226043701	-2.5857608318328857	-0.33113783597946167
-1.5819103717803955	-3.0938186645507812	2.7773516178131104	-8.779690742492676	2.535898208618164	0.5819111466407776	15.637699127197266	-4.222989559173584	-2.2873916625976562	-1.5672607421875
-1.418670892715454	-2.6535890102386475	2.325766086578369	-9.325045585632324	3.334592342376709	-0.8499168753623962	15.489982604980469	-4.252376079559326	-2.2148430347442627	-0.43610548973083496
-1.5419399738311768	-3.245328187942505	2.7525875568389893	-8.542852401733398	2.6025562286376953	0.8506298661231995	15.90391731262207	-4.827962398529053	-2.3172261714935303	-1.6345765590667725
-1.4891598224639893	-2.6750543117523193	2.530308246612549	-9.401971817016602	3.520756721496582	-0.9968016743659973	15.492167472839355	-4.33297872543335	-2.207723379135132	-0.4397493302822113
-1.3718069791793823	-3.2862155437469482	2.935443639755249	-8.614924430847168	2.388029098510742	0.6058934926986694	15.986639022827148	-4.661536693572998	-2.5126590728759766	-1.4690630435943604
-1.419630765914917	-2.7728168964385986	2.2944869995117188	-9.580349922180176	3.3724770545959473	-0.8972292542457581	15.469223022460938	-3.979316473007202	-2.1407976150512695	-0.3462522625923157
-1.110255479812622	-3.104226589202881	2.888474464416504	-8.985647201538086	2.7081446647644043	0.05302685871720314	15.755287170410156	-4.318105220794678	-2.6240155696868896	-1.2628848552703857
-1.3134137392044067	-2.9478282928466797	1.9506858587265015	-9.252089500427246	3.2164595127105713	-1.0741814374923706	15.493915557861328	-4.190021991729736	-1.4078410863876343	-0.4758874773979187
-0.9795471429824829	-2.8805832862854004	3.341841220855713	-9.033802032470703	2.728322982788086	-0.0481223426759243	15.884363174438477	-4.7246832847595215	-2.8973140716552734	-1.390686273574829
-1.7829822301864624	-2.911942958831787	1.9337725639343262	-9.191391944885254	3.3050966262817383	-0.8667293190956116	15.689199447631836	-4.774134159088135	-1.1662217378616333	-0.23487554490566254
-1.1029233932495117	-3.054277181625366	3.545222520828247	-9.096613883972168	2.434596538543701	-0.3298088312149048	16.408037185668945	-4.721503734588623	-2.7490060329437256	-1.333935260772705
-1.9359822273254395	-2.8609418869018555	1.4031932353973389	-9.475476264953613	3.9488515853881836	-0.7608779072761536	15.991865158081055	-4.683216094970703	-0.8707798719406128	-0.7568528652191162
-1.083251714706421	-3.312649965286255	3.580833673477173	-9.355626106262207	2.648672103881836	-0.28543657064437866	15.967390060424805	-4.362429141998291	-2.5710222721099854	-1.2266902923583984
-1.4578579664230347	-2.635957717895508	1.4061472415924072	-9.365311622619629	3.6786234378814697	-1.0385349988937378	15.89714241027832	-4.427076816558838	-1.3614569902420044	-0.6959239840507507
-1.1705812215805054	-3.202822208404541	3.1072745323181152	-9.74089527130127	2.519294500350952	0.038548532873392105	16.09505271911621	-4.135617733001709	-2.3931663036346436	-1.1172983646392822
-1.4020320177078247	-2.7294530868530273	2.382434606552124	-8.713872909545898	3.0069332122802734	-1.2218393087387085	16.21484375	-4.632574558258057	-1.8424581289291382	-1.062188744544983
-1.4009275436401367	-3.3668456077575684	2.7181832790374756	-9.68867301940918	2.841649055480957	-0.05456828698515892	15.851605415344238	-4.12286376953125	-1.8046540021896362	-0.9731115102767944
-1.550075888633728	-2.6967337131500244	2.1979482173919678	-9.001410484313965	3.1682872772216797	-0.9766361117362976	16.552661895751953	-4.655536651611328	-2.0174694061279297	-1.0212533473968506
-1.0049415826797485	-3.0619351863861084	1.7534452676773071	-10.208380699157715	3.0444979667663574	-0.7370229363441467	15.544743537902832	-4.002177715301514	-1.0149835348129272	-0.3134534955024719
-1.5327041149139404	-2.7296767234802246	2.819626569747925	-8.538920402526855	2.8052070140838623	-0.6067541241645813	16.27446937561035	-4.677889347076416	-2.5997095108032227	-1.213853359222412
-0.8726925849914551	-2.9567410945892334	2.057769536972046	-10.39576244354248	3.3126726150512695	-0.7090135216712952	15.490426063537598	-4.0576958656311035	-1.4372851848602295	-0.43188589811325073
-1.877892017364502	-2.79630970954895	2.839484214782715	-8.21372127532959	2.1020185947418213	-0.731071412563324	16.13988494873047	-4.274991035461426	-2.248386859893799	-0.9392139315605164
-1.3694134950637817	-2.8759357929229736	1.9830496311187744	-10.392389297485352	3.9929885864257812	-0.22321999073028564	15.456182479858398	-4.200845718383789	-1.7621484994888306	-0.6084792613983154
-1.8272942304611206	-2.7957141399383545	2.346165418624878	-8.964835166931152	2.6838715076446533	-1.1168066263198853	16.234973907470703	-4.260843276977539	-1.7225415706634521	-0.5771813988685608
-1.2588024139404297	-3.0205130577087402	2.234158515930176	-10.402325630187988	3.8529443740844727	0.02429741993546486	15.677484512329102	-4.06265926361084	-2.0678534507751465	-0.9769453406333923
-1.1658415794372559	-2.814302921295166	2.351231813430786	-8.8284273147583	2.4946482181549072	-1.415776014328003	16.041465759277344	-4.143357753753662	-2.1167473793029785	-0.40309566259384155
-1.355573296546936	-2.9246127605438232	2.2129318714141846	-10.476472854614258	4.177412033081055	-0.42894428968429565	15.67630672454834	-4.333348751068115	-1.7375547885894775	-0.810355544090271
-1.6223280429840088	-2.567742109298706	1.201890468597412	-9.010075569152832	2.774611711502075	-0.7830047011375427	16.142881393432617	-4.051916122436523	-1.7896798849105835	-0.29483795166015625
-1.3291890621185303	-2.883488655090332	2.2493016719818115	-10.2422513961792	3.846585273742676	-0.4779466390609741	16.065258026123047	-4.366841793060303	-2.0207881927490234	-0.840854287147522
-1.6104307174682617	-3.0217278003692627	1.7824217081069946	-9.442317962646484	2.7437922954559326	-0.943491518497467	16.264026641845703	-3.9232146739959717	-1.5990456342697144	-0.2502179741859436
-1.1399571895599365	-2.825129508972168	2.555419683456421	-10.1942720413208	3.6359751224517822	-0.3631823658943176	16.053998947143555	-4.428147792816162	-2.1466562747955322	-1.1482689380645752
-1.8431077003479004	-2.9650015830993652	1.4773738384246826	-8.921775817871094	2.5901191234588623	-0.6462748646736145	16.438182830810547	-4.176015377044678	-1.3604097366333008	-0.5932979583740234
-1.028454065322876	-2.88843035697937	2.8296892642974854	-10.33315372467041	3.567384719848633	-0.24355334043502808	15.887674331665039	-4.393509387969971	-2.4377639293670654	-0.9600973129272461
-1.6409382820129395	-3.0124452114105225	1.3724498748779297	-9.60622787475586	2.807241678237915	-1.0022646188735962	16.427019119262695	-4.199468612670898	-0.7681794166564941	-0.3774016201496124
-1.5780811309814453	-3.0432369709014893	2.602271318435669	-10.20047664642334	3.6632447242736816	0.44831520318984985	15.66862678527832	-4.276799201965332	-2.0427958965301514	-1.2412796020507812
-1.4820698499679565	-2.7931642532348633	1.8591334819793701	-9.68738842010498	2.9032492637634277	-1.2096718549728394	16.262252807617188	-4.042821407318115	-1.4672249555587769	-0.34250548481941223
-1.4617780447006226	-2.879110097885132	2.5847456455230713	-10.083048820495605	3.880004405975342	0.283405601978302	15.41295337677002	-4.549288272857666	-2.145622968673706	-1.0424706935882568
-1.4706794023513794	-2.5956199169158936	1.4444693326950073	-9.601144790649414	3.1200244426727295	-1.1582120656967163	16.16901397705078	-4.020021915435791	-1.6780436038970947	-0.2099926769733429
-1.4760205745697021	-2.8822977542877197	2.725877523422241	-10.024697303771973	3.466087818145752	0.3776096701622009	15.57778549194336	-4.575870990753174	-2.4905247688293457	-0.6981644630432129
-1.482651710510254	-2.617439031600952	1.3162102699279785	-9.462828636169434	3.2323806285858154	-1.165358304977417	16.223154067993164	-4.216156005859375	-1.4714078903198242	-0.3561156094074249
-1.2670165300369263	-2.9583606719970703	2.9447579383850098	-9.966609954833984	3.157104015350342	0.3925771713256836	15.647518157958984	-4.4575018882751465	-2.5722360610961914	-0.9204468131065369
-1.0471738576889038	-2.6547396183013916	1.193902850151062	-9.919512748718262	3.355832815170288	-1.1624586582183838	16.085012435913086	-3.9668591022491455	-1.573573112487793	-0.31064456701278687
-1.1577171087265015	-3.092449426651001	3.181830883026123	-10.329703330993652	3.0662076473236084	0.03277713432908058	15.876220703125	-4.3385186195373535	-2.344468355178833	-0.8943959474563599
-1.2802790403366089	-2.6225695610046387	1.1728522777557373	-9.631291389465332	3.4156904220581055	-1.165488839149475	16.21440315246582	-4.189669132232666	-1.6532431840896606	-0.2606102526187897
-1.318768858909607	-3.0306501388549805	3.3148345947265625	-10.297294616699219	3.25421142578125	0.4451897144317627	15.634819984436035	-4.353109836578369	-2.6180243492126465	-1.0314252376556396
-1.0678863525390625	-2.713266372680664	1.3524564504623413	-9.930521965026855	3.3109664916992188	-1.2164497375488281	16.36673927307129	-4.107270240783691	-1.6674565076828003	-0.327528178691864
-1.3542062044143677	-2.988302230834961	3.04121732711792	-10.2100248336792	3.262559413909912	0.10131961107254028	15.928452491760254	-4.449276447296143	-2.3905179500579834	-0.9414427876472473
-1.3114755153656006	-2.6189165115356445	0.9447420835494995	-10.090228080749512	3.318688154220581	-1.3014945983886719	16.01078224182129	-3.447239637374878	-1.3359488248825073	-0.16912023723125458
-1.196071982383728	-3.036583185195923	3.378871440887451	-10.462300300598145	3.5985119342803955	0.37865591049194336	15.70228099822998	-4.48017692565918	-2.795241594314575	-1.088165521621704
-1.2942380905151367	-2.615908145904541	1.3969593048095703	-10.06537914276123	3.16593074798584	-1.4111486673355103	16.28398895263672	-3.6627485752105713	-1.505555510520935	-0.29211726784706116
-1.230425477027893	-3.0416958332061768	3.0706398487091064	-10.511630058288574	3.7417502403259277	0.21003109216690063	15.696221351623535	-4.522980213165283	-2.5422937870025635	-0.8698381185531616
-1.3074820041656494	-2.7490358352661133	1.5060971975326538	-10.246635437011719	2.970243453979492	-1.187019944190979	16.273611068725586	-3.4893462657928467	-1.5513125658035278	-0.21933332085609436
-1.2921754121780396	-3.045854330062866	2.8823397159576416	-10.403039932250977	3.8572325706481934	0.1320313811302185	15.863256454467773	-4.545841217041016	-2.4281842708587646	-1.0199862718582153
-1.126235842704773	-2.8407211303710938	1.4600560665130615	-10.16679573059082	2.8811960220336914	-1.1904964447021484	16.28120231628418	-3.4902091026306152	-1.3355337381362915	-0.4726700782775879
-1.0923099517822266	-3.1966891288757324	3.315877676010132	-10.21236515045166	3.278003215789795	0.09032833576202393	15.815183639526367	-4.519139766693115	-2.5958595275878906	-0.8832489252090454
-1.1952357292175293	-2.6306674480438232	1.5956406593322754	-10.069063186645508	3.325007200241089	-1.2611271142959595	16.208078384399414	-3.9128048419952393	-1.5391956567764282	-0.5208395719528198
-1.202564001083374	-3.220757484436035	2.6811230182647705	-10.303159713745117	3.2996060848236084	-0.12867742776870728	15.710697174072266	-3.959055185317993	-2.2402524948120117	-0.6371763944625854
-1.1820335388183594	-2.7709522247314453	1.6942635774612427	-10.055188179016113	3.3180296421051025	-0.9100349545478821	16.201738357543945	-4.032843112945557	-1.438143014907837	-0.8250446319580078
-1.2739534378051758	-3.0797629356384277	2.849006175994873	-10.26843547821045	3.2848615646362305	-0.04571240767836571	15.951112747192383	-4.352138519287109	-2.5441181659698486	-0.5210832953453064
-1.082263708114624	-2.804216146469116	1.2874729633331299	-9.92302417755127	3.4973835945129395	-1.158539056777954	16.008630752563477	-4.05133581161499	-1.091407299041748	-0.6829074621200562
-1.1589137315750122	-3.1460113525390625	3.1867740154266357	-10.285792350769043	3.13291072845459	-0.3135340213775635	15.81194019317627	-4.277792453765869	-2.4136805534362793	-0.5361205339431763
-1.026745319366455	-2.731558322906494	0.8619375824928284	-9.9149751663208	3.3725335597991943	-1.2096558809280396	16.132341384887695	-4.154536724090576	-0.7585136890411377	-0.571031391620636
-1.395880937576294	-3.123042583465576	3.3420207500457764	-10.066230773925781	3.366398811340332	-0.05905013903975487	15.97197151184082	-4.510122776031494	-2.8154289722442627	-0.7108572721481323
-1.0464040040969849	-2.617349863052368	0.9210731387138367	-9.69665241241455	3.6264333724975586	-1.2052010297775269	15.784299850463867	-4.241663455963135	-1.0763736963272095	-0.4483675956726074
-1.3594346046447754	-3.184265613555908	3.200434923171997	-10.05373477935791	3.039426326751709	0.07850378751754761	16.14040184020996	-4.422926425933838	-2.5315868854522705	-0.9070358276367188
-0.9284088611602783	-2.7060742378234863	1.4663870334625244	-9.964800834655762	3.4982845783233643	-1.242028832435608	15.899658203125	-4.2603230476379395	-1.2526497840881348	-0.5102567672729492
-1.2313048839569092	-3.269895315170288	3.244511365890503	-10.124603271484375	3.047800064086914	0.3282628059387207	16.027238845825195	-4.283731937408447	-2.6348235607147217	-1.1036690473556519
-0.8813183307647705	-2.584177017211914	1.7773476839065552	-10.116061210632324	3.4661197662353516	-1.3466260433197021	15.903285026550293	-4.331790447235107	-1.3631987571716309	-0.5237942337989807
-1.569663405418396	-3.1338486671447754	2.4618825912475586	-10.072501182556152	3.246802806854248	0.15101629495620728	16.231584548950195	-4.452133655548096	-2.428908348083496	-0.43444812297821045
-1.0775388479232788	-2.5132765769958496	2.0284688472747803	-9.896626472473145	3.123197078704834	-0.9840094447135925	16.12154197692871	-4.4102911949157715	-1.7669522762298584	-0.6247240304946899
-5.5486040115356445	-1.6163619756698608	0.9275339245796204	6.972900867462158	0.1742231845855713	4.2259321212768555	1.488716721534729	-1.4222898483276367	-6.316629409790039	1.114466905593872
-4.942290306091309	-2.3891830444335938	0.5045844912528992	0.19057923555374146	-0.010649368166923523	9.390353202819824	2.3460443019866943	-0.5348403453826904	-4.747779369354248	0.1930583119392395
-5.022350311279297	-2.718909502029419	-0.10597549378871918	-1.391294002532959	-0.34908878803253174	12.477872848510742	3.221975326538086	-0.6577876210212708	-3.9232966899871826	-1.5312929153442383
-5.621655464172363	-2.767416477203369	-1.3407870531082153	-3.344783306121826	-0.2370162457227707	13.894989967346191	3.9037911891937256	-0.1253986656665802	-2.401301622390747	-1.9605824947357178
-5.792071342468262	-2.6285157203674316	-0.6598643660545349	-3.939131736755371	-0.8103265166282654	15.496337890625	3.6529316902160645	-0.22377470135688782	-3.5099709033966064	-1.5858023166656494
-6.253746032714844	-2.720945358276367	-2.002751350402832	-5.0507731437683105	-0.5541985034942627	15.983105659484863	4.273353099822998	0.2095324695110321	-2.052807331085205	-1.8309683799743652
-5.743080139160156	-2.8348817825317383	-0.763600766658783	-5.293226718902588	-0.449950635433197	16.652952194213867	3.7708230018615723	0.00012216717004776	-3.3227920532226562	-2.01658034324646
-5.775356292724609	-3.350381374359131	-1.7832050323486328	-6.291864395141602	-0.5845161080360413	16.66075325012207	4.4791340827941895	0.9664597511291504	-2.05653715133667	-2.2646989822387695
-6.162763595581055	-3.1154046058654785	-1.2196520566940308	-5.921349048614502	0.05682678520679474	17.634843826293945	3.812481641769409	0.11363563686609268	-2.7036449909210205	-2.4951953887939453
-6.20327091217041	-3.56862211227417	-1.6441746950149536	-6.681019306182861	-0.5464208126068115	17.97733497619629	4.354694366455078	0.957682192325592	-2.2203941345214844	-2.426041603088379
-6.158034324645996	-3.4906957149505615	-1.2083560228347778	-6.816108226776123	0.384623646736145	17.944612503051758	4.180944919586182	0.09054157882928848	-2.125387191772461	-2.8023746013641357
-6.2170209884643555	-3.66483998298645	-1.682257890701294	-6.792064666748047	-0.4761030077934265	18.196714401245117	4.06066370010376	1.2098544836044312	-2.319251298904419	-2.3159303665161133
-6.601746559143066	-3.4734597206115723	-1.3135796785354614	-7.004315376281738	0.15626223385334015	18.48326873779297	4.183644771575928	0.10681519657373428	-1.9188663959503174	-2.6182665824890137
-6.357908248901367	-3.712639093399048	-1.9134337902069092	-7.211299419403076	-0.38229233026504517	18.824739456176758	4.01981258392334	1.105055809020996	-2.0369505882263184	-2.3353235721588135
-6.641412734985352	-3.587085247039795	-1.2878389358520508	-7.6660027503967285	-0.01878403127193451	18.773082733154297	4.003032684326172	0.5849822759628296	-1.7029099464416504	-2.45731520652771
-6.357999801635742	-3.7404026985168457	-1.7219194173812866	-7.455535411834717	0.13232570886611938	18.586217880249023	4.562152862548828	0.7827189564704895	-2.118351459503174	-2.6694419384002686
-6.4745683670043945	-3.7117555141448975	-1.4503321647644043	-8.074101448059082	0.3165016174316406	18.502981185913086	4.029233932495117	1.293452262878418	-1.7646498680114746	-2.6670162677764893
-6.475000381469727	-3.7815165519714355	-1.7139105796813965	-7.222319602966309	0.44411468505859375	19.015140533447266	4.5882744789123535	0.5473661422729492	-2.3538312911987305	-3.0485568046569824
-6.417054176330566	-3.619454860687256	-1.6338497400283813	-8.52379322052002	-0.0573454350233078	18.738046646118164	4.041006565093994	1.5791114568710327	-1.5590219497680664	-2.5479025840759277
-6.560337066650391	-3.7497920989990234	-1.683586597442627	-7.372720241546631	0.5337072610855103	18.995277404785156	4.665929794311523	0.5001764297485352	-2.307013511657715	-3.0218801498413086
-6.502847671508789	-3.6072850227355957	-2.213832139968872	-8.529486656188965	-0.05205993354320526	19.32652473449707	4.154289722442627	1.28910231590271	-1.5175825357437134	-2.347080945968628
-6.736764907836914	-3.7266359329223633	-2.1533658504486084	-7.87727689743042	-0.007170483469963074	19.744600296020508	4.383506774902344	1.0532552003860474	-1.9232711791992188	-2.757131814956665
-6.421303749084473	-3.6171092987060547	-2.647132158279419	-8.577683448791504	-0.1073455661535263	19.424837112426758	4.081231594085693	1.517471194267273	-1.3493303060531616	-2.3038930892944336
-7.029810905456543	-3.832960605621338	-1.6730924844741821	-7.655757427215576	-0.11548854410648346	20.309179306030273	4.117175102233887	0.9779645204544067	-2.1163837909698486	-2.9810831546783447
-6.420992851257324	-3.6243300437927246	-3.036808729171753	-8.844582557678223	-0.1180524080991745	19.40360450744629	4.195068359375	1.8487242460250854	-1.1539306640625	-2.2489583492279053
-6.964556694030762	-3.6476240158081055	-1.6046619415283203	-7.869414806365967	-0.0517226904630661	20.20591163635254	4.218446731567383	0.7825810313224792	-2.1517653465270996	-2.91745662689209
-6.498345375061035	-3.7279458045959473	-2.9843974113464355	-8.86834716796875	-0.1475495547056198	19.72813606262207	4.172825336456299	1.6650928258895874	-1.192946195602417	-2.1467843055725098
-6.9206037521362305	-3.679056167602539	-1.5848339796066284	-8.11472225189209	0.03127335011959076	20.32505226135254	4.1669511795043945	0.6653437614440918	-1.9865002632141113	-2.903165578842163
-6.510555267333984	-3.57487416267395	-3.218477249145508	-9.092232704162598	-0.13346724212169647	19.62225914001465	4.194169521331787	1.889630913734436	-0.9477265477180481	-2.2289879322052
-6.874711990356445	-3.600613832473755	-1.5509170293807983	-8.019454002380371	-0.1122732013463974	20.07173728942871	3.9304018020629883	1.0241978168487549	-1.979968547821045	-2.888660192489624
-6.635104179382324	-3.500891923904419	-3.0638267993927	-9.151589393615723	-0.3703153133392334	19.969240188598633	4.364439964294434	1.731196641921997	-1.0673550367355347	-2.276059865951538
-6.843559265136719	-3.634582757949829	-1.758061170578003	-8.011998176574707	-0.14229385554790497	19.924592971801758	4.091037750244141	1.0932987928390503	-1.8983787298202515	-2.8203165531158447
-6.785580635070801	-3.4301300048828125	-2.8531696796417236	-8.701852798461914	-0.2904786467552185	19.979307174682617	3.935835123062134	1.6034120321273804	-1.094638466835022	-2.3629701137542725
-6.710548400878906	-3.688603401184082	-1.9856138229370117	-8.422013282775879	-0.3330076336860657	20.066303253173828	3.874213933944702	1.3356064558029175	-1.6246296167373657	-2.5119705200195312
-6.995370864868164	-3.265777349472046	-2.788978338241577	-8.3019437789917	-0.4005303382873535	20.316362380981445	3.727182388305664	1.6327662467956543	-1.257393717765808	-2.6665868759155273
-6.73964786529541	-3.8226633071899414	-1.8557822704315186	-8.353720664978027	-0.21825365722179413	19.89600944519043	4.082005500793457	1.0756096839904785	-1.5553903579711914	-2.508427858352661
-7.108946800231934	-3.257500648498535	-2.7488086223602295	-8.37161922454834	-0.3366053104400635	20.430753707885742	3.6469099521636963	1.796811819076538	-1.3484324216842651	-2.702828884124756
-6.708881378173828	-3.7303218841552734	-2.1837246417999268	-8.600384712219238	-0.2995697259902954	20.223554611206055	3.9129879474639893	1.442509651184082	-1.6413962841033936	-2.415034294128418
-7.1945390701293945	-3.3615427017211914	-2.791130781173706	-8.14440631866455	-0.23502002656459808	20.311433792114258	3.592041254043579	1.688015103340149	-1.2733938694000244	-2.5917258262634277
-6.7797441482543945	-3.7484002113342285	-1.838415503501892	-8.321213722229004	-0.5304217338562012	20.40940284729004	3.77229380607605	1.318113088607788	-1.8359596729278564	-2.4459145069122314
-7.016786575317383	-3.455411434173584	-3.0003740787506104	-8.462095260620117	-0.11108337342739105	20.3261775970459	3.6916608810424805	1.8395678997039795	-1.153212308883667	-2.6587111949920654
-6.85732364654541	-3.8756957054138184	-2.0442137718200684	-8.65870189666748	-0.5804153680801392	20.61939239501953	3.9912002086639404	1.4889785051345825	-1.6552541255950928	-2.4282338619232178
-7.022793769836426	-3.4268479347229004	-3.1609203815460205	-8.525073051452637	-0.06439860165119171	20.32680320739746	3.745291233062744	1.7408214807510376	-0.9456630945205688	-2.6674890518188477
-6.702912330627441	-3.7920758724212646	-1.860692024230957	-8.040194511413574	-0.49121320247650146	19.846330642700195	3.896533250808716	1.4012490510940552	-1.7413524389266968	-2.5159237384796143
-6.826925277709961	-3.420431613922119	-2.798405170440674	-8.656813621520996	-0.2861534357070923	20.277891159057617	3.7633252143859863	1.896427869796753	-1.3481498956680298	-2.601039171218872
-7.024111747741699	-3.7661850452423096	-2.360097646713257	-8.420708656311035	-0.660178005695343	20.90302276611328	3.833188533782959	1.577104091644287	-1.5552096366882324	-2.5270934104919434
-7.140109062194824	-3.381331205368042	-3.1081011295318604	-8.562983512878418	-0.11674277484416962	20.517005920410156	3.5902621746063232	1.887110710144043	-1.2412728071212769	-2.4441089630126953
-6.667737007141113	-3.7884633541107178	-2.1251227855682373	-8.375022888183594	-0.6223650574684143	20.270475387573242	3.911107063293457	1.425685167312622	-1.6233738660812378	-2.405442714691162
-7.248702049255371	-3.3347651958465576	-3.0957696437835693	-8.657208442687988	-0.2588701844215393	20.612747192382812	3.695122480392456	2.0220439434051514	-1.1735742092132568	-2.561300039291382
-6.870500564575195	-3.734869956970215	-2.0074384212493896	-8.2905912399292	-0.5378798246383667	20.427513122558594	4.028017044067383	1.3414965867996216	-1.9231343269348145	-2.432873487472534
-7.290157318115234	-3.3102688789367676	-3.30367374420166	-8.823542594909668	-0.21989302337169647	20.64524269104004	3.460700750350952	2.3697850704193115	-1.035081148147583	-2.4933865070343018
-6.9475603103637695	-3.651247978210449	-1.8158478736877441	-8.494603157043457	-0.40023547410964966	20.397350311279297	4.158916473388672	1.2397143840789795	-1.9343488216400146	-2.5524003505706787
-7.324747085571289	-3.4379405975341797	-3.3716962337493896	-8.666844367980957	-0.3511442542076111	20.736196517944336	3.592080593109131	2.219576597213745	-0.8686391711235046	-2.5271167755126953
-6.888028144836426	-3.6669576168060303	-1.7902231216430664	-8.83836555480957	-0.49915289878845215	20.481109619140625	4.144372463226318	1.3850306272506714	-1.8205431699752808	-2.50750994682312
-7.27874755859375	-3.33236026763916	-3.3028862476348877	-8.45719051361084	-0.48586422204971313	20.54840660095215	3.5576727390289307	1.977675437927246	-0.6940101981163025	-2.532963514328003
-6.81379508972168	-3.613675594329834	-2.1616768836975098	-8.754854202270508	-0.5118693709373474	20.631492614746094	3.7581589221954346	1.570959448814392	-1.8062115907669067	-2.2987921237945557
-7.319677352905273	-3.354485273361206	-3.2617762088775635	-8.832137107849121	-0.5843576192855835	20.69753646850586	3.6699182987213135	2.0737600326538086	-0.6394461989402771	-2.449605703353882
-7.106650352478027	-3.555576801300049	-1.9719934463500977	-8.990324020385742	-0.6790704131126404	20.790205001831055	3.9383437633514404	1.4989413022994995	-1.7679129838943481	-2.156229019165039
-7.238872528076172	-3.4247090816497803	-3.198756456375122	-8.925076484680176	-0.8050755262374878	20.60540771484375	3.7217025756835938	2.191819667816162	-0.477214515209198	-2.4494965076446533
-6.949553489685059	-3.5955071449279785	-2.0767672061920166	-8.916871070861816	-0.5283576846122742	20.685659408569336	3.69964337348938	1.6929806470870972	-1.742645263671875	-2.2688510417938232
-7.457089424133301	-3.4573729038238525	-3.3626348972320557	-8.368157386779785	-0.8092780113220215	20.816730499267578	3.775791883468628	1.9906394481658936	-0.5344851613044739	-2.5944087505340576
-6.839743614196777	-3.5387370586395264	-2.245856285095215	-9.291489601135254	-0.5758347511291504	20.611865997314453	3.7065818309783936	1.890322208404541	-1.5235786437988281	-2.193800449371338
-7.565451622009277	-3.4201931953430176	-3.045797109603882	-8.812335968017578	-0.4489176869392395	20.766714096069336	3.698575973510742	1.5748488903045654	-0.3797720968723297	-2.367943286895752
-6.913622856140137	-3.4532296657562256	-2.325319528579712	-9.3725004196167	-0.5309540033340454	20.46432113647461	3.8889596462249756	2.092897891998291	-1.5883433818817139	-2.2624778747558594
-7.621721267700195	-3.361023187637329	-3.010260820388794	-8.923206329345703	-0.491364061832428	20.88953971862793	3.678346872329712	1.6926058530807495	-0.37769564986228943	-2.475493907928467
-7.073521614074707	-3.477964162826538	-2.4622058868408203	-9.325427055358887	-0.5168548226356506	20.849328994750977	3.7563984394073486	1.9654709100723267	-1.4870293140411377	-2.228468179702759
-7.766168594360352	-3.377470016479492	-3.027207136154175	-8.526113510131836	-0.7436596155166626	20.89845085144043	3.700331926345825	1.762474536895752	-0.40323466062545776	-2.5176734924316406
-7.041068077087402	-3.4017200469970703	-2.173898696899414	-9.282322883605957	-0.5964846611022949	20.81166648864746	3.675159215927124	1.7564141750335693	-1.6539729833602905	-2.094040870666504
-7.627355575561523	-3.3648486137390137	-2.989896297454834	-8.854379653930664	-0.9111064672470093	21.00879669189453	3.5915682315826416	1.988453984260559	-0.3553906977176666	-2.4861183166503906
-7.11993408203125	-3.3160276412963867	-2.47572660446167	-9.455923080444336	-0.36696505546569824	21.02256965637207	3.5183181762695312	2.0576817989349365	-1.5179247856140137	-2.3463492393493652
-7.5172529220581055	-3.4520585536956787	-3.184401750564575	-9.162454605102539	-0.6595960259437561	20.897180557250977	3.8070015907287598	1.9161336421966553	-0.19557121396064758	-2.449256658554077
-7.090066909790039	-3.3254334926605225	-2.636842727661133	-9.319757461547852	-0.541824996471405	21.178495407104492	3.3211615085601807	2.0037569999694824	-1.6008784770965576	-1.988887071609497
-7.703530311584473	-3.4253640174865723	-3.1055514812469482	-9.232339859008789	-0.8707623481750488	21.124221801757812	3.5095748901367188	2.166105031967163	-0.21894267201423645	-2.2436881065368652
-6.982688903808594	-3.3731496334075928	-2.512143135070801	-9.625219345092773	-0.5873290300369263	21.113527297973633	3.511399984359741	2.022920608520508	-1.3551656007766724	-2.212430477142334
-7.7400360107421875	-3.331390380859375	-3.1440305709838867	-9.118107795715332	-0.980049729347229	21.215974807739258	3.4950332641601562	2.0557491779327393	-0.15937146544456482	-2.2940447330474854
-6.866955757141113	-3.375746250152588	-2.574169874191284	-9.815406799316406	-0.36176973581314087	20.943822860717773	3.596339225769043	2.064448595046997	-1.4407169818878174	-2.1701252460479736
-7.7722063064575195	-3.290520429611206	-3.0153939723968506	-8.996071815490723	-0.9376981258392334	21.188880920410156	3.5776312351226807	1.9243303537368774	-0.3930290639400482	-2.286198854446411
-6.809720039367676	-3.379788875579834	-2.3522744178771973	-9.972050666809082	-0.5543259978294373	20.757295608520508	3.6661245822906494	1.9534844160079956	-1.2397902011871338	-2.0692334175109863
-7.573391914367676	-3.309438705444336	-3.2346994876861572	-8.777447700500488	-1.17539381980896	20.999671936035156	3.656447172164917	1.9674208164215088	-0.1513070911169052	-2.402132272720337
-6.77010440826416	-3.3571131229400635	-2.6938884258270264	-9.953569412231445	-0.430644154548645	20.850954055786133	3.3869800567626953	2.151350259780884	-1.307787537574768	-1.8764591217041016
-7.642291069030762	-3.377464771270752	-3.3013646602630615	-9.065515518188477	-1.0533924102783203	21.323820114135742	3.603909492492676	2.210437774658203	-0.2500442564487457	-2.448373317718506
-6.875789642333984	-3.327087879180908	-2.7108278274536133	-10.093840599060059	-0.6409416198730469	20.992944717407227	3.5846025943756104	2.016108989715576	-1.168433427810669	-1.7770123481750488
-7.673325538635254	-3.322376012802124	-3.2420196533203125	-9.02590560913086	-1.176315426826477	21.289306640625	3.3946168422698975	2.3098418712615967	-0.32602038979530334	-2.228076934814453
-6.880121231079102	-3.376410722732544	-2.71301007270813	-10.01377010345459	-0.26648175716400146	20.758459091186523	3.6102089881896973	2.0691440105438232	-1.2058907747268677	-1.9824066162109375
-7.635560989379883	-3.3337295055389404	-2.881298303604126	-9.050414085388184	-1.3183339834213257	21.29384422302246	3.506101369857788	2.2158091068267822	-0.56534343957901	-2.231351852416992
-6.969352722167969	-3.43684458732605	-2.8053605556488037	-9.944110870361328	-0.4275854825973511	20.993480682373047	3.457061529159546	2.1866676807403564	-1.1189353466033936	-1.9352962970733643
-7.711385726928711	-3.344517946243286	-2.995295763015747	-8.879812240600586	-1.281033992767334	21.381986618041992	3.4199068546295166	2.351712942123413	-0.6905719041824341	-2.2512600421905518
-6.991106033325195	-3.443570852279663	-2.747941732406616	-9.854552268981934	-0.45027053356170654	20.843379974365234	3.417090654373169	2.0380859375	-1.0896515846252441	-1.7217340469360352
-7.522483825683594	-3.3484249114990234	-3.153888463973999	-9.086668968200684	-1.3563867807388306	21.320558547973633	3.790879487991333	2.2822821140289307	-0.5722951889038086	-2.3538498878479004
-6.891898155212402	-3.5548527240753174	-2.690743923187256	-9.675052642822266	-0.4349328875541687	21.024879455566406	3.1827101707458496	2.049434185028076	-1.1489684581756592	-1.8608548641204834
-7.629241943359375	-3.3364439010620117	-3.106494188308716	-9.019743919372559	-1.2017379999160767	21.422060012817383	3.716161012649536	2.0609419345855713	-0.5677021145820618	-2.3380727767944336
-6.863781929016113	-3.5091469287872314	-2.777785539627075	-9.845057487487793	-0.4096626043319702	20.767515182495117	3.466830015182495	2.1054186820983887	-1.139609456062317	-1.794996738433838
-7.739622116088867	-3.3373734951019287	-3.1571404933929443	-9.01777172088623	-1.4268579483032227	21.48179817199707	3.7356817722320557	2.0755631923675537	-0.37324947118759155	-2.241305112838745
-6.825181007385254	-3.461998462677002	-2.739362955093384	-9.719347953796387	-0.5050513744354248	20.936697006225586	3.436785936355591	1.865053653717041	-1.0894140005111694	-1.8984551429748535
-7.678050994873047	-3.405024766921997	-3.231612205505371	-9.09848403930664	-1.3449835777282715	21.558685302734375	3.6971962451934814	2.0324223041534424	-0.31874391436576843	-2.2116751670837402
-6.999778747558594	-3.4974794387817383	-2.7331831455230713	-9.794358253479004	-0.5163065791130066	21.087322235107422	3.4707746505737305	1.9231103658676147	-1.102435827255249	-1.8379466533660889
-7.733636856079102	-3.2488646507263184	-3.3160181045532227	-9.27612018585205	-1.2710647583007812	21.462976455688477	3.5823395252227783	2.2532176971435547	-0.29324036836624146	-2.15986704826355
-7.030372619628906	-3.5311360359191895	-2.923353910446167	-9.755936622619629	-0.46027934551239014	20.939661026000977	3.430081605911255	2.068288564682007	-0.8450283408164978	-1.8921973705291748
-7.748358726501465	-3.2469708919525146	-3.360948324203491	-9.307632446289062	-1.1254620552062988	21.559465408325195	3.67560076713562	2.179870367050171	-0.33820784091949463	-2.287635326385498
-7.118986129760742	-3.3777527809143066	-2.779435157775879	-9.866232872009277	-0.5364877581596375	20.943391799926758	3.527937173843384	1.8044228553771973	-0.789549708366394	-1.8075840473175049
-7.696179389953613	-3.357205867767334	-3.568748712539673	-9.309151649475098	-0.8225624561309814	21.61686134338379	3.629969358444214	2.232459306716919	-0.37088683247566223	-2.35483717918396
-2.3287923336029053	-2.355320930480957	1.5865254402160645	7.981049060821533	-1.8319213390350342	8.059134483337402	1.3624907732009888	-2.500532388687134	-5.753509998321533	-4.219261646270752
-4.295192718505859	-2.0547423362731934	0.1330087035894394	3.760422706604004	-0.45522040128707886	10.418993949890137	2.027268648147583	-2.227963447570801	-3.7513766288757324	-3.5553388595581055
-4.950545310974121	-2.2274696826934814	-1.1446706056594849	1.214355707168579	-0.7073718309402466	13.636269569396973	2.723463535308838	-2.1238176822662354	-2.9145569801330566	-3.5058279037475586
-5.848031997680664	-2.9890553951263428	-0.3214207887649536	-2.1003947257995605	-0.2975841760635376	14.932602882385254	2.760284662246704	-1.1985142230987549	-1.6059014797210693	-3.3321762084960938
-6.106232643127441	-2.625243663787842	-1.9360413551330566	-3.7220659255981445	-0.05135573446750641	16.683902740478516	3.0258383750915527	-0.9869670867919922	-1.1223047971725464	-3.1597514152526855
-6.172171592712402	-2.5489275455474854	-1.9990360736846924	-4.240904331207275	-1.2849526405334473	17.722450256347656	1.9790695905685425	-0.15014591813087463	-0.9685946702957153	-2.3370230197906494
-6.413956642150879	-2.6900434494018555	-1.5464794635772705	-5.2628493309021	-0.7060513496398926	17.86762809753418	2.7948665618896484	-1.1262227296829224	-0.3483748137950897	-2.5687718391418457
-6.297472953796387	-2.66316819190979	-2.2122251987457275	-5.557431697845459	-0.8874362707138062	18.660757064819336	2.220951795578003	-0.027493976056575775	-0.6527690291404724	-2.583975076675415
-6.797219276428223	-2.8408193588256836	-2.2192153930664062	-5.843568325042725	0.04094213247299194	18.91166877746582	2.864638090133667	-0.8696812987327576	-0.370212197303772	-2.8768041133880615
-7.020503044128418	-2.870577335357666	-2.95050311088562	-6.6825032234191895	-0.6413670778274536	19.733945846557617	2.507995367050171	0.4778859317302704	-0.08566243946552277	-2.4689929485321045
-7.488204002380371	-2.8261966705322266	-2.9306564331054688	-6.39592170715332	-0.09314252436161041	20.40922737121582	2.325751304626465	-0.017833136022090912	-0.4143003225326538	-2.569012403488159
-7.060011863708496	-3.062624216079712	-2.9847798347473145	-6.262482166290283	-1.0619747638702393	21.002662658691406	2.0685839653015137	0.7132103443145752	-0.5138422250747681	-2.8390369415283203
-7.808564186096191	-2.920480489730835	-2.7833902835845947	-6.561195373535156	-0.30867457389831543	21.413423538208008	2.1588830947875977	0.10260889679193497	-0.5155801773071289	-2.7773356437683105
-7.252070426940918	-3.1233716011047363	-3.4476449489593506	-6.253681182861328	-0.8216094374656677	21.693300247192383	1.859599232673645	0.7391865253448486	-0.4271937310695648	-2.966813802719116
-8.07844066619873	-2.7555456161499023	-3.266186475753784	-6.43800687789917	-0.7157173752784729	22.080705642700195	1.9887639284133911	0.4639413058757782	-0.8521139621734619	-2.4277079105377197
-7.32595157623291	-3.279553174972534	-3.1420204639434814	-6.885852336883545	0.18088652193546295	21.57707405090332	2.2727038860321045	0.6474483013153076	-0.6938515305519104	-3.3511879444122314
-8.097529411315918	-2.9061367511749268	-2.9047815799713135	-5.473989963531494	-1.2788867950439453	22.2692928314209	1.363655686378479	0.15100213885307312	-0.6621187925338745	-2.46081805229187
-7.093218803405762	-3.213139057159424	-3.5748183727264404	-7.344938278198242	0.16491778194904327	21.630285263061523	2.2763454914093018	1.1601426601409912	-0.8535205125808716	-3.152355194091797
-8.170239448547363	-3.04030179977417	-3.118281126022339	-5.8708014488220215	-0.9508728981018066	22.459842681884766	1.6199692487716675	0.38336023688316345	-0.5597475171089172	-2.7532379627227783
-7.285417556762695	-3.189321994781494	-3.6443986892700195	-7.139431953430176	0.14550037682056427	21.972196578979492	2.674788236618042	0.6601898670196533	-0.9034973382949829	-3.2909095287323
-8.103718757629395	-3.056403636932373	-3.1771206855773926	-5.955388069152832	-0.9890069961547852	23.267465591430664	1.3865314722061157	0.44093820452690125	-0.8373845815658569	-2.9762394428253174
-7.366682052612305	-3.2425994873046875	-3.408182382583618	-7.522796154022217	-0.09180609881877899	22.095813751220703	2.5527048110961914	0.6560735702514648	-0.5583767890930176	-3.1144583225250244
-8.139492988586426	-3.0163347721099854	-3.26900315284729	-5.926704406738281	-0.8748960494995117	23.138765335083008	1.3440784215927124	0.47732827067375183	-0.86641925573349	-2.8676462173461914
-7.474822998046875	-3.291898488998413	-3.287437677383423	-7.841407299041748	-0.21095891296863556	22.25901222229004	2.4874942302703857	0.6584513187408447	-0.19949540495872498	-3.0992510318756104
-8.05994987487793	-2.887991189956665	-3.462773084640503	-6.040368556976318	-1.2219185829162598	23.621339797973633	1.4405733346939087	0.6279524564743042	-1.0304405689239502	-2.986741781234741
-7.700287818908691	-3.131814479827881	-3.4915342330932617	-7.8425679206848145	-0.157235786318779	22.57386589050293	2.4680426120758057	0.7654303312301636	-0.5628441572189331	-2.921375274658203
-7.949840545654297	-2.903801441192627	-3.285559892654419	-6.545473575592041	-0.8980076313018799	23.185190200805664	1.1394983530044556	1.099575400352478	-1.2154537439346313	-2.6264500617980957
-7.756070137023926	-3.129944324493408	-3.8891797065734863	-7.3873066902160645	-0.21803884208202362	22.636430740356445	2.3221654891967773	1.034915566444397	-0.5388376116752625	-3.0744497776031494
-8.169458389282227	-3.0204296112060547	-3.0402872562408447	-6.028039455413818	-0.8986384868621826	23.478063583374023	1.1884876489639282	0.6610795259475708	-1.195272445678711	-2.975827693939209
-7.887938499450684	-3.0551939010620117	-3.988553762435913	-7.713747501373291	-0.269092857837677	22.74313735961914	2.4916467666625977	1.1431849002838135	-0.4498499929904938	-3.013911485671997
-7.961668968200684	-2.9015536308288574	-3.066509485244751	-6.451380729675293	-0.8010714054107666	23.222007751464844	1.4069474935531616	0.636741042137146	-1.1878963708877563	-2.89593505859375
-7.808986663818359	-3.0939526557922363	-4.245859146118164	-7.819603443145752	-0.3628222942352295	23.02472686767578	2.4601449966430664	1.2301615476608276	-0.3564414381980896	-3.02769136428833
-8.005330085754395	-2.9655277729034424	-3.2770931720733643	-6.705234050750732	-0.3062703609466553	23.106130599975586	1.1263893842697144	1.1332443952560425	-1.2497661113739014	-2.8568639755249023
-7.789846420288086	-3.0316853523254395	-4.350138187408447	-7.781348705291748	-0.1935095340013504	22.633176803588867	2.7870776653289795	1.16817307472229	-0.43693432211875916	-3.0052852630615234
-7.928092002868652	-3.1069483757019043	-3.335895299911499	-7.488000869750977	-0.14587871730327606	23.027448654174805	1.3771883249282837	1.136204481124878	-0.7275252342224121	-2.8088271617889404
-7.828072547912598	-3.038112163543701	-4.332672595977783	-7.6505303382873535	-0.43543851375579834	23.331159591674805	2.486431121826172	0.9535651206970215	-0.45365312695503235	-3.033000946044922
-7.868745803833008	-3.1072256565093994	-3.3206863403320312	-7.2914652824401855	-0.394026517868042	22.755205154418945	0.8796346783638	1.3769055604934692	-0.6231338977813721	-2.4067893028259277
-7.845612525939941	-3.0049238204956055	-4.18361759185791	-7.973904132843018	-0.3254919648170471	23.297677993774414	2.5597968101501465	0.836620569229126	-0.41722095012664795	-2.9436492919921875
-7.811073303222656	-3.149892568588257	-3.2928988933563232	-7.283966541290283	-0.36570215225219727	22.681665420532227	0.7822261452674866	1.3633954524993896	-0.5867772698402405	-2.3372976779937744
-7.868884086608887	-3.0856847763061523	-4.062578201293945	-7.529917240142822	-0.14896385371685028	23.314882278442383	2.4188430309295654	0.8379541635513306	-0.6408472657203674	-3.2351267337799072
-7.842644691467285	-3.083183765411377	-3.714393138885498	-7.743706226348877	-0.08783556520938873	22.616004943847656	1.4497288465499878	1.1311707496643066	-0.27529779076576233	-2.450164556503296
-7.959244728088379	-3.1202573776245117	-4.125081539154053	-7.568350791931152	-0.15899507701396942	23.792316436767578	2.194190263748169	1.183249831199646	-1.0065621137619019	-3.2315914630889893
-8.042119979858398	-3.012986183166504	-3.7160682678222656	-8.005829811096191	-0.02024446427822113	22.588178634643555	1.3307570219039917	1.532707929611206	-0.45260104537010193	-2.2021191120147705
-7.946284294128418	-3.013756275177002	-4.006260395050049	-7.686407566070557	-0.1600653976202011	23.487873077392578	2.3841309547424316	1.0085623264312744	-0.9348989725112915	-3.1332199573516846
-8.015432357788086	-3.0501937866210938	-3.6482489109039307	-7.83633279800415	0.09529758989810944	22.971302032470703	1.1697181463241577	1.6565876007080078	-0.884488046169281	-2.4585342407226562
-7.944737434387207	-3.1234724521636963	-3.955791711807251	-7.795590877532959	-0.10292862355709076	23.373727798461914	2.4379091262817383	1.008955955505371	-0.725879430770874	-3.1725218296051025
-7.850977897644043	-3.090047597885132	-3.572338342666626	-7.990294933319092	0.15745891630649567	22.62989616394043	1.2883104085922241	1.6458027362823486	-0.7034130692481995	-2.5147130489349365
-7.985663414001465	-2.9723479747772217	-4.095525741577148	-7.667558670043945	-0.23767761886119843	23.652156829833984	2.243046760559082	1.075750708580017	-0.8981860280036926	-3.114326238632202
-7.868111610412598	-3.021571159362793	-3.9108498096466064	-8.134921073913574	-0.1047382801771164	22.739158630371094	1.6555901765823364	1.4674022197723389	-0.47682201862335205	-2.3454554080963135
-7.9308881759643555	-3.0964319705963135	-4.5258636474609375	-7.609830379486084	0.10599572956562042	23.786191940307617	2.340500831604004	1.1034932136535645	-0.9790412187576294	-3.194457530975342
-8.165535926818848	-3.1052749156951904	-3.846128225326538	-7.7363715171813965	-0.17366604506969452	23.345251083374023	1.4951719045639038	1.6211423873901367	-0.8441692590713501	-2.5907437801361084
-7.83329963684082	-3.094543933868408	-4.427984237670898	-7.624901294708252	-0.007385715842247009	23.250886917114258	2.524218797683716	1.0771241188049316	-0.7945750951766968	-3.0698606967926025
-7.942472457885742	-3.0655105113983154	-3.8710975646972656	-8.181438446044922	0.08188028633594513	22.897619247436523	1.3771506547927856	1.746105432510376	-0.5983664393424988	-2.4441909790039062
-8.04052448272705	-3.083160161972046	-4.250146389007568	-7.586047649383545	-0.24039064347743988	23.721879959106445	2.4000556468963623	0.9526909589767456	-0.7221800088882446	-3.152506113052368
-8.064187049865723	-3.0334577560424805	-3.871584892272949	-7.862735271453857	0.012154892086982727	23.06937599182129	1.308982014656067	1.7118556499481201	-0.7079454660415649	-2.562788963317871
-8.047465324401855	-3.160102128982544	-4.253985404968262	-7.720849514007568	0.029251500964164734	23.478227615356445	2.511664867401123	1.0449345111846924	-0.7019705176353455	-3.1800284385681152
-7.977104187011719	-3.0898725986480713	-4.134086608886719	-7.826315402984619	-0.03068380057811737	23.07541847229004	1.3275691270828247	1.7720599174499512	-0.5666286945343018	-2.5506842136383057
-8.081036567687988	-3.201747417449951	-4.509084224700928	-7.967631816864014	0.06297816336154938	23.671560287475586	2.39020037651062	1.3629802465438843	-0.6407829523086548	-3.087768316268921
-8.192225456237793	-2.9102652072906494	-4.213388442993164	-7.8334879875183105	-0.250124454498291	23.741323471069336	1.218779444694519	1.5884230136871338	-0.6894257068634033	-2.4599452018737793
-7.989558219909668	-3.1188347339630127	-4.527606964111328	-7.976240634918213	0.18026085197925568	23.52094268798828	2.2844839096069336	1.2412209510803223	-0.6251441240310669	-2.989856719970703
-8.268311500549316	-2.922168016433716	-4.13746452331543	-7.530049800872803	-0.5030485391616821	23.833175659179688	1.0985888242721558	1.6308213472366333	-0.8038705587387085	-2.398010492324829
-7.847163200378418	-3.083662271499634	-4.239353656768799	-7.996792316436768	-0.022138729691505432	23.26985740661621	2.107323169708252	1.3879966735839844	-0.7981128096580505	-2.7782819271087646
-8.098688125610352	-2.8958206176757812	-3.675842761993408	-7.277159690856934	-0.5952050685882568	23.541797637939453	1.4806443452835083	1.1738201379776	-1.004143476486206	-2.6497304439544678
-7.9180097579956055	-3.0759525299072266	-4.370190143585205	-7.8869194984436035	-0.1591634601354599	23.491622924804688	2.2378695011138916	1.344042181968689	-0.7360118627548218	-2.9276130199432373
-8.088052749633789	-2.9958508014678955	-4.042826175689697	-7.960451602935791	-0.06649725139141083	23.43137550354004	0.9731648564338684	1.86295747756958	-0.7461568713188171	-2.36799693107605
-7.965810775756836	-2.955106019973755	-4.262800216674805	-7.939359188079834	-0.0892655998468399	23.523433685302734	2.3074495792388916	0.8636770248413086	-0.4609302878379822	-3.0216193199157715
-8.112980842590332	-2.9527156352996826	-4.0660271644592285	-8.14244270324707	0.05868043005466461	23.374876022338867	1.1966544389724731	1.6731374263763428	-0.6079784035682678	-2.4215359687805176
-8.012453079223633	-3.004523754119873	-4.574734687805176	-8.20849895477295	-0.08222667872905731	23.71735954284668	2.191375970840454	1.3168021440505981	-0.6099216938018799	-2.7335116863250732
-7.980681419372559	-3.000249147415161	-3.8257663249969482	-8.36771297454834	0.2185312658548355	23.16110610961914	1.526096224784851	1.437608242034912	-0.5738356709480286	-2.595426082611084
-8.122296333312988	-3.138972520828247	-4.569023609161377	-7.755990505218506	-0.23375289142131805	23.8710880279541	1.846502423286438	1.6429955959320068	-0.7921131253242493	-2.7487666606903076
-8.014546394348145	-2.8324944972991943	-3.887075662612915	-8.291338920593262	0.02581752836704254	23.048051834106445	1.574658989906311	1.369017243385315	-0.7511973977088928	-2.2412214279174805
-7.838768005371094	-3.224229574203491	-3.9662344455718994	-7.622482776641846	0.0601009875535965	23.61085319519043	1.6925216913223267	1.4296855926513672	-1.072255253791809	-3.0695252418518066
-8.239384651184082	-2.928938388824463	-4.173702239990234	-7.8080010414123535	-0.5933789014816284	24.097002029418945	1.6046925783157349	1.4107037782669067	-0.7017563581466675	-2.6675727367401123
-8.012503623962402	-3.0635831356048584	-3.8015003204345703	-7.905911922454834	-0.12058906257152557	23.41197967529297	1.9338523149490356	1.3448814153671265	-0.8885703682899475	-2.8983845710754395
-8.069652557373047	-2.947308301925659	-3.943427801132202	-7.608085632324219	-0.3658909797668457	23.71074867248535	1.793561339378357	1.161656141281128	-0.7302808165550232	-3.0016560554504395
-7.938763618469238	-2.9434597492218018	-4.121171474456787	-8.096648216247559	-0.17420648038387299	23.24777603149414	1.951079249382019	1.2817456722259521	-0.531472384929657	-2.6752092838287354
-8.014604568481445	-2.8992316722869873	-3.758997678756714	-7.570736408233643	-0.600740909576416	23.781919479370117	1.718162178993225	1.089033842086792	-0.8350940346717834	-2.9100451469421387
-7.81904411315918	-3.096717357635498	-4.17487907409668	-8.16588306427002	-0.19750647246837616	23.755704879760742	2.097677707672119	1.1619460582733154	-0.5471018552780151	-3.014533042907715
-8.125222206115723	-3.051413059234619	-4.332171440124512	-8.448225975036621	-0.09618614614009857	23.565555572509766	1.3419774770736694	1.9013404846191406	-0.3921031057834625	-2.3638858795166016
-7.819011688232422	-3.179140567779541	-3.847137689590454	-8.1115140914917	-0.3982442021369934	23.313152313232422	2.3053338527679443	1.133151650428772	-0.5222760438919067	-2.8746421337127686
-8.163650512695312	-2.824424982070923	-4.152534484863281	-7.9738640785217285	-0.17513684928417206	23.624065399169922	1.1113179922103882	1.6879751682281494	-0.7807503342628479	-2.35333514213562
-7.85181999206543	-3.1004605293273926	-4.101250648498535	-8.115701675415039	-0.2506694793701172	23.25507164001465	2.098796844482422	1.3095483779907227	-0.555057168006897	-2.6887881755828857
-8.194929122924805	-2.9679837226867676	-4.347482681274414	-7.960581302642822	-0.11484567821025848	24.223146438598633	1.0605093240737915	1.7493922710418701	-0.8414686322212219	-2.6060991287231445
-7.778541564941406	-3.106137275695801	-4.096221446990967	-8.483856201171875	-0.09349052608013153	23.328710556030273	2.2791221141815186	1.125117540359497	-0.35118332505226135	-2.8238511085510254
-8.311546325683594	-2.935361862182617	-4.278148174285889	-8.013686180114746	-0.43413543701171875	24.314891815185547	1.1352638006210327	1.8642737865447998	-0.9316242933273315	-2.4102771282196045
-7.774533271789551	-3.142899990081787	-4.368021488189697	-8.613046646118164	0.06352885067462921	23.305089950561523	2.0311131477355957	1.4724884033203125	-0.3766089677810669	-2.5974419116973877
-8.237234115600586	-2.988478899002075	-4.115201473236084	-8.075422286987305	-0.0530238002538681	23.901487350463867	1.2097159624099731	1.9368774890899658	-1.018586277961731	-2.5604734420776367
-7.74195671081543	-3.06768536567688	-4.531757354736328	-8.4361572265625	-0.06270371377468109	23.55381965637207	1.9733649492263794	1.4761533737182617	-0.46828827261924744	-2.695119619369507
-8.175459861755371	-3.0128395557403564	-4.043707847595215	-7.73439359664917	0.16134126484394073	23.2917423248291	0.5851529240608215	2.129936695098877	-0.9070788621902466	-2.295022964477539
-7.756046295166016	-2.9112648963928223	-4.973036766052246	-8.37465763092041	0.1387268453836441	23.803730010986328	1.7756990194320679	1.7269413471221924	-0.6539343595504761	-2.7764909267425537
-8.436592102050781	-2.881373643875122	-4.265181064605713	-8.004680633544922	-0.005091235041618347	23.916545867919922	1.0217543840408325	1.8716591596603394	-0.8685476779937744	-2.3488309383392334
-7.831516265869141	-2.994204044342041	-5.0243096351623535	-8.19665813446045	-0.046157106757164	24.314533233642578	1.4739948511123657	1.864768624305725	-0.6422938108444214	-2.9185006618499756
-8.441354751586914	-2.852982997894287	-4.340254783630371	-7.205105304718018	-0.21281956136226654	24.06123924255371	0.751190721988678	1.8719843626022339	-1.3291971683502197	-2.3030331134796143
-7.727861404418945	-3.066349983215332	-4.624082088470459	-8.167801856994629	-0.20362846553325653	24.07872200012207	1.349960207939148	1.7456254959106445	-0.44206053018569946	-2.942858934402466
-8.224719047546387	-2.9920272827148438	-4.609735012054443	-8.089138984680176	-0.03832636773586273	24.513662338256836	1.3114718198776245	1.7261197566986084	-0.8987557888031006	-2.698894500732422
-7.803249359130859	-3.074263334274292	-4.638017177581787	-8.510200500488281	0.11045832931995392	24.198772430419922	1.208644986152649	1.7074568271636963	-0.44829607009887695	-2.751647472381592
-8.277697563171387	-3.0043904781341553	-4.478592872619629	-8.118946075439453	-0.28365665674209595	24.36197853088379	1.3131626844406128	1.8713198900222778	-0.9366163611412048	-2.4468963146209717
-7.922636985778809	-2.8597488403320312	-4.912984371185303	-8.417981147766113	-0.2574271559715271	24.512842178344727	1.5729342699050903	1.508070707321167	-0.338657408952713	-2.884753942489624
-8.220232009887695	-2.9455511569976807	-4.38606071472168	-8.49966049194336	-0.18955455720424652	24.03441047668457	1.1710575819015503	1.9974443912506104	-0.7849032878875732	-2.1772871017456055
-7.715437889099121	-2.876208543777466	-5.080502510070801	-8.131759643554688	-0.1089535802602768	24.383869171142578	1.3356279134750366	1.689002275466919	-0.5545523762702942	-2.9414288997650146
-8.495633125305176	-3.0261290073394775	-4.746001243591309	-7.964828014373779	-0.41132140159606934	24.685510635375977	0.8749225735664368	1.9688811302185059	-0.7366600632667542	-2.1490843296051025
-1.395634412765503	-1.4769859313964844	-0.8356441259384155	4.056106090545654	-0.19409285485744476	4.024704933166504	-0.24186865985393524	-1.078447699546814	-2.083911895751953	-0.7634685635566711
-1.607828974723816	-1.6249146461486816	-0.8551324605941772	4.144758701324463	-0.10968048870563507	4.352724075317383	-0.5322281718254089	-0.7748737335205078	-2.06675386428833	-0.9147999882698059
-1.931002140045166	-1.6530377864837646	-0.9189496636390686	4.2873454093933105	-0.054449260234832764	4.739068031311035	-0.9630047678947449	-0.47296756505966187	-2.0576393604278564	-0.9634233713150024
-2.2679691314697266	-1.521108627319336	-1.0486057996749878	4.405613422393799	-0.06872254610061646	5.119811058044434	-1.4609687328338623	-0.2461041361093521	-1.9682354927062988	-0.9311721324920654
-2.6032657623291016	-1.336395025253296	-1.1613812446594238	4.537839412689209	-0.19162164628505707	5.535770416259766	-2.0327534675598145	-0.07612046599388123	-1.865692138671875	-0.7931467294692993
-2.6344499588012695	-1.2617039680480957	-1.2227866649627686	4.56738805770874	-0.25594860315322876	5.606786251068115	-2.16294264793396	-0.11362729966640472	-1.7968080043792725	-0.7126629948616028
-2.6861724853515625	-1.1823749542236328	-1.2748700380325317	4.597228527069092	-0.30369681119918823	5.677842140197754	-2.290248394012451	-0.14176452159881592	-1.7314201593399048	-0.6512420773506165
-2.7183494567871094	-1.1398420333862305	-1.3035387992858887	4.604549407958984	-0.3272031545639038	5.702553749084473	-2.3323447704315186	-0.14302624762058258	-1.7115434408187866	-0.6179590225219727
-2.7354812622070312	-1.1238735914230347	-1.3178232908248901	4.605203628540039	-0.33241719007492065	5.719024181365967	-2.3798420429229736	-0.0954650342464447	-1.7153199911117554	-0.6106560826301575
-2.7368788719177246	-1.0976417064666748	-1.3325278759002686	4.604923725128174	-0.3489426374435425	5.7252397537231445	-2.407144784927368	-0.10053558647632599	-1.713647723197937	-0.5794876217842102
-2.732029914855957	-1.1098345518112183	-1.3228315114974976	4.599070072174072	-0.34706711769104004	5.724695205688477	-2.405241012573242	-0.06114138290286064	-1.7358123064041138	-0.5964271426200867
-2.744006633758545	-1.0990512371063232	-1.3236486911773682	4.60637092590332	-0.3325747847557068	5.735163688659668	-2.4142873287200928	-0.08810199797153473	-1.738461971282959	-0.5880081057548523
-2.7454442977905273	-1.0764567852020264	-1.340240716934204	4.597192287445068	-0.3434940576553345	5.7284698486328125	-2.436753988265991	-0.06675450503826141	-1.7271428108215332	-0.5759947896003723
-2.742311954498291	-1.0646508932113647	-1.3353523015975952	4.583683967590332	-0.33512407541275024	5.716512680053711	-2.4352219104766846	-0.07017035782337189	-1.7403537034988403	-0.5636377334594727
-2.725437641143799	-1.0655803680419922	-1.3385491371154785	4.588551044464111	-0.3483990430831909	5.722151279449463	-2.4502806663513184	-0.07309399545192719	-1.736416220664978	-0.5595771670341492
-2.7546496391296387	-1.079756259918213	-1.3204196691513062	4.591940402984619	-0.31965094804763794	5.726569652557373	-2.4408295154571533	-0.05477161332964897	-1.7447915077209473	-0.5902345776557922
-2.722602367401123	-1.042333960533142	-1.3528190851211548	4.586049556732178	-0.36995965242385864	5.720507621765137	-2.462656259536743	-0.07855825126171112	-1.7197052240371704	-0.5445687770843506
-2.746736526489258	-1.0820976495742798	-1.3199142217636108	4.593356132507324	-0.33063066005706787	5.729514122009277	-2.4427671432495117	-0.041499149054288864	-1.7540251016616821	-0.5917730927467346
-2.717008113861084	-1.0413715839385986	-1.3425445556640625	4.577415943145752	-0.36713045835494995	5.7139387130737305	-2.4646005630493164	-0.0751861184835434	-1.7385365962982178	-0.5316168069839478
-2.7488656044006348	-1.077653408050537	-1.3223496675491333	4.59156608581543	-0.3296657204627991	5.728642463684082	-2.444469451904297	-0.037333499640226364	-1.7526146173477173	-0.5938288569450378
-2.7135777473449707	-1.0402424335479736	-1.35797917842865	4.585387229919434	-0.3740220069885254	5.72160530090332	-2.464766502380371	-0.08352696895599365	-1.7312647104263306	-0.5282542109489441
-2.751089572906494	-1.0542266368865967	-1.3357329368591309	4.587515830993652	-0.3312680721282959	5.725109100341797	-2.4628024101257324	-0.05376170203089714	-1.7392945289611816	-0.5710360407829285
-2.733555793762207	-1.0295921564102173	-1.3538997173309326	4.579319953918457	-0.36088746786117554	5.717495918273926	-2.469329357147217	-0.08073744177818298	-1.719582200050354	-0.5358737111091614
-2.7458367347717285	-1.0496950149536133	-1.3389616012573242	4.581130027770996	-0.3357545733451843	5.7195024490356445	-2.455479860305786	-0.056020136922597885	-1.7409709692001343	-0.5645096898078918
-2.731551170349121	-1.0581083297729492	-1.3445290327072144	4.587319374084473	-0.3620518445968628	5.725919723510742	-2.4469101428985596	-0.05984301492571831	-1.7390353679656982	-0.5578142404556274
-2.7539548873901367	-1.0454689264297485	-1.3380980491638184	4.579012870788574	-0.3301105499267578	5.717155456542969	-2.458662986755371	-0.045438747853040695	-1.7423526048660278	-0.5686740279197693
-2.7258448600769043	-1.0307739973068237	-1.3624701499938965	4.583958625793457	-0.37317955493927	5.722109794616699	-2.4690394401550293	-0.09082026779651642	-1.7162694931030273	-0.5243132710456848
-2.748957633972168	-1.0467555522918701	-1.3360862731933594	4.57475471496582	-0.33502209186553955	5.713151931762695	-2.455848217010498	-0.050021927803754807	-1.733567237854004	-0.5682550668716431
-2.7268319129943848	-1.0313869714736938	-1.3591628074645996	4.581740379333496	-0.37103790044784546	5.720170021057129	-2.473775625228882	-0.08785396814346313	-1.7126916646957397	-0.5258122682571411
-2.7534995079040527	-1.0488483905792236	-1.3327772617340088	4.575333595275879	-0.33043205738067627	5.713759422302246	-2.4607601165771484	-0.042976077646017075	-1.7357232570648193	-0.5706774592399597
-2.712522029876709	-1.042881727218628	-1.3553967475891113	4.583707332611084	-0.3816518783569336	5.722050666809082	-2.469794511795044	-0.07465137541294098	-1.729836106300354	-0.5256457924842834
-2.755711078643799	-1.0499985218048096	-1.334752082824707	4.5782575607299805	-0.33115583658218384	5.716500282287598	-2.46384859085083	-0.0435490719974041	-1.7258927822113037	-0.5764485597610474
-2.7179183959960938	-1.0355112552642822	-1.3533148765563965	4.576497554779053	-0.366649866104126	5.715349197387695	-2.4706616401672363	-0.077244833111763	-1.7308224439620972	-0.5263581871986389
-2.757613182067871	-1.0376789569854736	-1.3393211364746094	4.572495937347412	-0.34030717611312866	5.711088180541992	-2.470010280609131	-0.046103592962026596	-1.7156143188476562	-0.5635464191436768
-2.716167449951172	-1.0273470878601074	-1.3580242395401	4.57179069519043	-0.3711166977882385	5.710251808166504	-2.4771244525909424	-0.07585026323795319	-1.7235535383224487	-0.519506573677063
-2.756162166595459	-1.0446869134902954	-1.3368761539459229	4.572483539581299	-0.323993980884552	5.710788249969482	-2.4643497467041016	-0.03779437765479088	-1.7304437160491943	-0.5755729079246521
-2.722409725189209	-1.0200414657592773	-1.361051082611084	4.571369171142578	-0.3727567195892334	5.710119724273682	-2.486272096633911	-0.07783876359462738	-1.7146236896514893	-0.5131438374519348
-2.7553181648254395	-1.046268105506897	-1.33717679977417	4.573176383972168	-0.3317105174064636	5.711953163146973	-2.470771312713623	-0.027842532843351364	-1.7317901849746704	-0.5708456635475159
-2.718543529510498	-1.0173451900482178	-1.3665850162506104	4.5729780197143555	-0.3714519739151001	5.711456775665283	-2.490744113922119	-0.08097152411937714	-1.7121410369873047	-0.5133062601089478
-2.75270414352417	-1.0469903945922852	-1.3341296911239624	4.572709083557129	-0.3286439776420593	5.71115255355835	-2.470555543899536	-0.025370430201292038	-1.7412787675857544	-0.5707755088806152
-2.721959114074707	-1.0151264667510986	-1.369102120399475	4.573711395263672	-0.36680781841278076	5.712115287780762	-2.489870071411133	-0.07791973650455475	-1.7198615074157715	-0.511830747127533
-2.757509708404541	-1.0424368381500244	-1.3406485319137573	4.570375442504883	-0.3239401578903198	5.709333419799805	-2.470871925354004	-0.020542096346616745	-1.7392668724060059	-0.571086049079895
-2.7290711402893066	-1.0273234844207764	-1.3621468544006348	4.5790252685546875	-0.354888916015625	5.717288494110107	-2.4788975715637207	-0.07203073799610138	-1.7362302541732788	-0.5223638415336609
-2.7626237869262695	-1.030426263809204	-1.3488185405731201	4.568492889404297	-0.3313380479812622	5.707475662231445	-2.4727535247802734	-0.019767265766859055	-1.732823133468628	-0.5640175342559814
-2.734355926513672	-1.0325422286987305	-1.3581942319869995	4.57612419128418	-0.3486936092376709	5.714577674865723	-2.4782636165618896	-0.05777681991457939	-1.7394678592681885	-0.5280420780181885
-2.7709107398986816	-1.0312824249267578	-1.3452403545379639	4.566004753112793	-0.32648181915283203	5.7051897048950195	-2.4636809825897217	-0.020524736493825912	-1.7313023805618286	-0.5683756470680237
-2.7383694648742676	-1.028710961341858	-1.3590961694717407	4.576035499572754	-0.34667402505874634	5.714725017547607	-2.475281238555908	-0.062277596443891525	-1.7379045486450195	-0.529085636138916
-2.7702198028564453	-1.030582308769226	-1.3456895351409912	4.5651092529296875	-0.32757568359375	5.7041802406311035	-2.460212469100952	-0.019856195896863937	-1.73465895652771	-0.567100465297699
-2.7429442405700684	-1.0260757207870483	-1.3599601984024048	4.5768141746521	-0.34624677896499634	5.715561866760254	-2.477660655975342	-0.05598677322268486	-1.7419461011886597	-0.5281872749328613
-2.776909351348877	-1.029073715209961	-1.3465237617492676	4.566633224487305	-0.3253755569458008	5.705876350402832	-2.45912766456604	-0.01873673126101494	-1.7334579229354858	-0.569908857345581
-2.736301898956299	-1.0240473747253418	-1.360611081123352	4.57469367980957	-0.35041147470474243	5.713138103485107	-2.483978748321533	-0.05737593397498131	-1.7445534467697144	-0.5171861052513123
-2.781985282897949	-1.0225636959075928	-1.3516122102737427	4.57111120223999	-0.3248980641365051	5.710179328918457	-2.46651554107666	-0.02721799537539482	-1.7260442972183228	-0.5670596361160278
-2.7329673767089844	-1.023801326751709	-1.3604811429977417	4.574317932128906	-0.35716211795806885	5.712615489959717	-2.48297381401062	-0.05926017090678215	-1.740189552307129	-0.5167406797409058
-2.7849650382995605	-1.0158677101135254	-1.3584378957748413	4.5738606452941895	-0.3271101117134094	5.712993144989014	-2.4734079837799072	-0.022516708821058273	-1.7302422523498535	-0.5609030723571777
-2.7323875427246094	-0.9976763129234314	-1.376709222793579	4.565511226654053	-0.3672676682472229	5.704051494598389	-2.4911818504333496	-0.05812358483672142	-1.7406859397888184	-0.492188423871994
-2.782658100128174	-1.016086459159851	-1.3614553213119507	4.576158046722412	-0.32517915964126587	5.715167045593262	-2.4774036407470703	-0.02253098413348198	-1.7292126417160034	-0.5633942484855652
-2.734431266784668	-0.9919260740280151	-1.3801687955856323	4.564846515655518	-0.3686085343360901	5.703550338745117	-2.494239568710327	-0.056759532541036606	-1.7403515577316284	-0.48856866359710693
-2.778287410736084	-1.0167438983917236	-1.361253023147583	4.572384834289551	-0.32599371671676636	5.711698532104492	-2.4789586067199707	-0.018297743052244186	-1.7284883260726929	-0.5626626014709473
-2.7480273246765137	-0.9834015965461731	-1.388533115386963	4.572400093078613	-0.3675123453140259	5.711641311645508	-2.500152349472046	-0.06889362633228302	-1.718095302581787	-0.4960847496986389
-2.7688355445861816	-1.0319892168045044	-1.3537847995758057	4.570958137512207	-0.32393282651901245	5.710735321044922	-2.472024917602539	-0.008130144327878952	-1.7398791313171387	-0.5697096586227417
-2.752039909362793	-0.9721491932868958	-1.387096881866455	4.565056800842285	-0.37344950437545776	5.704250335693359	-2.509526252746582	-0.06239109858870506	-1.7049808502197266	-0.4943375885486603
-2.777749538421631	-1.0269355773925781	-1.3555536270141602	4.572678089141846	-0.32613468170166016	5.712709903717041	-2.4750430583953857	-0.007112573832273483	-1.7351629734039307	-0.5682908296585083
-2.741701126098633	-0.9853391051292419	-1.382520318031311	4.565634727478027	-0.3690475821495056	5.705387115478516	-2.503726005554199	-0.05574583634734154	-1.7316968441009521	-0.4878922700881958
-2.7756123542785645	-1.0124640464782715	-1.3606319427490234	4.56829309463501	-0.3368576169013977	5.708333969116211	-2.4758598804473877	-0.013161193579435349	-1.7344123125076294	-0.5542338490486145
-2.7367730140686035	-0.9887173175811768	-1.3797357082366943	4.570014953613281	-0.37353551387786865	5.709346294403076	-2.508350372314453	-0.06536519527435303	-1.730826735496521	-0.48270389437675476
-2.7716917991638184	-1.0138986110687256	-1.356865644454956	4.567683219909668	-0.33893394470214844	5.70782470703125	-2.4811208248138428	-0.009297948330640793	-1.7353893518447876	-0.5549125075340271
-2.7450366020202637	-0.9839546084403992	-1.3835043907165527	4.570793151855469	-0.37473005056381226	5.7107439041137695	-2.5040273666381836	-0.06648369133472443	-1.7165626287460327	-0.4938903748989105
-2.773010730743408	-1.0140937566757202	-1.3587541580200195	4.568807125091553	-0.33039402961730957	5.708648204803467	-2.486297130584717	-0.007938023656606674	-1.7376245260238647	-0.5559411644935608
-2.7474570274353027	-0.9767171144485474	-1.3896465301513672	4.5679826736450195	-0.37615150213241577	5.707581996917725	-2.5032176971435547	-0.06351201236248016	-1.7172536849975586	-0.4882681965827942
-2.770630359649658	-1.0075323581695557	-1.363525152206421	4.564022064208984	-0.33293604850769043	5.704049587249756	-2.480398178100586	-0.01919109746813774	-1.7287112474441528	-0.5517706871032715
-2.740877628326416	-0.9898077845573425	-1.3797365427017212	4.5693488121032715	-0.36560893058776855	5.708723545074463	-2.5105419158935547	-0.055468957871198654	-1.7352813482284546	-0.487390398979187
-2.7685794830322266	-1.000502586364746	-1.365525245666504	4.563138484954834	-0.3363139033317566	5.703470706939697	-2.4954378604888916	-0.026032205671072006	-1.7210373878479004	-0.5398057103157043
-2.759110927581787	-0.9930233955383301	-1.3794784545898438	4.569300651550293	-0.35608017444610596	5.710026741027832	-2.49971866607666	-0.04346553608775139	-1.7292205095291138	-0.5058714151382446
-2.7745165824890137	-0.9961239099502563	-1.3723678588867188	4.562527179718018	-0.3382386565208435	5.702657222747803	-2.487520933151245	-0.0274416022002697	-1.7178562879562378	-0.5377545356750488
-2.755727767944336	-0.9880383014678955	-1.3856884241104126	4.568912982940674	-0.35814380645751953	5.709246635437012	-2.500295400619507	-0.046102430671453476	-1.7272166013717651	-0.5035868287086487
-2.774646282196045	-0.989551842212677	-1.3780122995376587	4.562564849853516	-0.34473270177841187	5.702834129333496	-2.4912052154541016	-0.027415867894887924	-1.7141163349151611	-0.5323565006256104
-2.7487382888793945	-0.9799889326095581	-1.3889238834381104	4.56610107421875	-0.36447441577911377	5.706355094909668	-2.50840425491333	-0.04697158560156822	-1.7350807189941406	-0.4865160286426544
-2.7756967544555664	-0.9861411452293396	-1.3782933950424194	4.5640177726745605	-0.34361982345581055	5.7040910720825195	-2.4919888973236084	-0.03243642672896385	-1.7166386842727661	-0.5299307703971863
-2.7416181564331055	-0.9789056777954102	-1.3887466192245483	4.563288688659668	-0.3678157329559326	5.703481197357178	-2.5111992359161377	-0.04845665022730827	-1.7342439889907837	-0.4824293553829193
-2.7727198600769043	-0.9785632491111755	-1.3835899829864502	4.562005519866943	-0.34390026330947876	5.702327728271484	-2.4968647956848145	-0.049826424568891525	-1.7048612833023071	-0.5206663012504578
-2.741664409637451	-0.9777253270149231	-1.3918566703796387	4.564425468444824	-0.3723822832107544	5.704851150512695	-2.5090060234069824	-0.04458668455481529	-1.7347841262817383	-0.4839159846305847
-2.773519515991211	-0.9760355353355408	-1.3827306032180786	4.559468746185303	-0.3437424898147583	5.700043201446533	-2.4968204498291016	-0.05106663331389427	-1.703115463256836	-0.5191446542739868
-2.7374377250671387	-0.9777494668960571	-1.3892451524734497	4.562768459320068	-0.3721199035644531	5.703296184539795	-2.5101547241210938	-0.04759378358721733	-1.7359795570373535	-0.4824328124523163
-2.7808732986450195	-0.9752711653709412	-1.3844518661499023	4.562496185302734	-0.3398545980453491	5.702826976776123	-2.4987776279449463	-0.04979632422327995	-1.7026680707931519	-0.5202857255935669
-2.7430362701416016	-0.9716864228248596	-1.3918650150299072	4.563950538635254	-0.37184417247772217	5.704195022583008	-2.5155420303344727	-0.047605808824300766	-1.7314504384994507	-0.4817615747451782
-2.7787322998046875	-0.9715324640274048	-1.3843194246292114	4.559531211853027	-0.34445518255233765	5.699977397918701	-2.499208927154541	-0.05121014639735222	-1.6994822025299072	-0.5172311663627625
-2.744807243347168	-0.969046950340271	-1.3926955461502075	4.562163829803467	-0.3720968961715698	5.702878952026367	-2.515263080596924	-0.04654879495501518	-1.7317582368850708	-0.47947487235069275
-2.779484272003174	-0.9680780172348022	-1.3875237703323364	4.560911178588867	-0.34386545419692993	5.701377868652344	-2.500669479370117	-0.05368923768401146	-1.6987223625183105	-0.5169188380241394
-2.738675117492676	-0.9652602672576904	-1.3967691659927368	4.560661792755127	-0.37553679943084717	5.700995922088623	-2.519130229949951	-0.05297258123755455	-1.7282301187515259	-0.47174036502838135
-2.7749714851379395	-0.9744498133659363	-1.3830738067626953	4.559876441955566	-0.3393402099609375	5.700699806213379	-2.504708766937256	-0.041777756065130234	-1.7083501815795898	-0.5205532312393188
-2.736952781677246	-0.9658738374710083	-1.3949586153030396	4.559574127197266	-0.3746471405029297	5.699758529663086	-2.5196096897125244	-0.048836540430784225	-1.7311962842941284	-0.473910391330719
-2.774477005004883	-0.9760268926620483	-1.3823744058609009	4.561842441558838	-0.3378339409828186	5.702836036682129	-2.505720853805542	-0.04119975492358208	-1.713085651397705	-0.5206004977226257
-2.7379770278930664	-0.9682149887084961	-1.3949929475784302	4.561587333679199	-0.3741888999938965	5.702080249786377	-2.5177931785583496	-0.044318702071905136	-1.7375569343566895	-0.4752715229988098
-2.7774062156677246	-0.9755880832672119	-1.3840880393981934	4.5634026527404785	-0.3352091908454895	5.704498291015625	-2.5077669620513916	-0.041552137583494186	-1.7102422714233398	-0.5226898193359375
-2.743234157562256	-0.9689652919769287	-1.3972890377044678	4.564133644104004	-0.36898934841156006	5.704767227172852	-2.515042781829834	-0.04383550211787224	-1.73635733127594	-0.48183125257492065
-2.7806715965270996	-0.9743279218673706	-1.387569546699524	4.564825057983398	-0.3325921893119812	5.706419467926025	-2.5057902336120605	-0.047284793108701706	-1.7037349939346313	-0.5259217023849487
-2.7455763816833496	-0.9627382159233093	-1.3996925354003906	4.564423084259033	-0.37197625637054443	5.704984664916992	-2.5212504863739014	-0.04903535172343254	-1.73121178150177	-0.47457534074783325
-2.7845253944396973	-0.973447322845459	-1.3900208473205566	4.564632892608643	-0.3325772285461426	5.7061767578125	-2.5096983909606934	-0.0413711778819561	-1.7007745504379272	-0.52503901720047
-2.740917682647705	-0.9646382927894592	-1.4019274711608887	4.5668230056762695	-0.3775271773338318	5.7076616287231445	-2.524411201477051	-0.05326440557837486	-1.7263545989990234	-0.47209399938583374
-2.7811574935913086	-0.9801639914512634	-1.388319969177246	4.5664777755737305	-0.3305269479751587	5.708083152770996	-2.511225461959839	-0.03151458129286766	-1.7105964422225952	-0.5276871919631958
-2.752631187438965	-0.9580948948860168	-1.4033468961715698	4.5655670166015625	-0.36822956800460815	5.707076549530029	-2.527958393096924	-0.04618453606963158	-1.7235009670257568	-0.4793317914009094
-0.44165170192718506	-4.776803016662598	0.8880223631858826	4.129292964935303	3.0182909965515137	3.213744640350342	0.49983978271484375	0.7932062745094299	-3.078955888748169	-4.231555938720703
-0.23530200123786926	-4.862262725830078	1.1679695844650269	3.836721897125244	3.083465576171875	3.2019848823547363	0.4649943709373474	0.9855771660804749	-3.417649984359741	-4.212387561798096
-0.01573854684829712	-4.872002601623535	1.387607455253601	3.5639333724975586	3.0864875316619873	3.153446674346924	0.45277106761932373	1.1274843215942383	-3.721952199935913	-4.149262428283691
0.13627374172210693	-4.912639617919922	1.6272282600402832	3.366672992706299	3.0849764347076416	3.116598129272461	0.44058436155319214	1.2864294052124023	-4.019845962524414	-4.113656044006348
0.14653277397155762	-4.883752822875977	1.8959589004516602	3.154702663421631	3.040740489959717	3.038633346557617	0.41857844591140747	1.4394192695617676	-4.259444236755371	-3.978861093521118
0.10293740034103394	-4.842650890350342	1.9456429481506348	3.086557388305664	2.9764184951782227	2.9805545806884766	0.4487069845199585	1.4733612537384033	-4.261361122131348	-3.897739887237549
0.051010966300964355	-4.798831462860107	1.9907877445220947	3.024839162826538	2.928044557571411	2.932145595550537	0.4894499182701111	1.4856046438217163	-4.258099555969238	-3.8325886726379395
-0.00019827485084533691	-4.790218830108643	2.024125337600708	2.993929386138916	2.891634464263916	2.914442539215088	0.5412799119949341	1.5095175504684448	-4.277796745300293	-3.79437518119812
-0.0351947546005249	-4.795053958892822	2.045353412628174	2.960301399230957	2.8559749126434326	2.8900961875915527	0.5629197359085083	1.5560423135757446	-4.276861190795898	-3.7512617111206055
-0.040768444538116455	-4.802933692932129	2.06805157661438	2.9460608959198	2.8442940711975098	2.877840042114258	0.5973217487335205	1.5729210376739502	-4.290779113769531	-3.759706974029541
-0.0484919548034668	-4.7921013832092285	2.0907504558563232	2.931093215942383	2.8310024738311768	2.8666791915893555	0.6216462850570679	1.582641363143921	-4.319497108459473	-3.7514281272888184
-0.048864781856536865	-4.772960662841797	2.0999486446380615	2.921865224838257	2.8212976455688477	2.860337734222412	0.6393546462059021	1.5901403427124023	-4.3524322509765625	-3.746398687362671
-0.05955532193183899	-4.771174907684326	2.109220266342163	2.91105580329895	2.814185619354248	2.849644660949707	0.6570895314216614	1.5885679721832275	-4.350103378295898	-3.7366621494293213
-0.04785346984863281	-4.752624988555908	2.106112003326416	2.9115090370178223	2.8101820945739746	2.8554883003234863	0.6336202621459961	1.616403579711914	-4.384183883666992	-3.736366033554077
-0.060535579919815063	-4.748066425323486	2.1170809268951416	2.906991958618164	2.8105826377868652	2.8504748344421387	0.6547585725784302	1.5880316495895386	-4.37886905670166	-3.7281816005706787
-0.051387518644332886	-4.731907367706299	2.113971710205078	2.9077866077423096	2.807530641555786	2.8587255477905273	0.6284494996070862	1.6051325798034668	-4.396327018737793	-3.729689598083496
-0.06476721167564392	-4.736353397369385	2.121119976043701	2.906834125518799	2.810758590698242	2.854757308959961	0.6577290892601013	1.578278660774231	-4.390953063964844	-3.7251367568969727
-0.05786341428756714	-4.716917514801025	2.1180713176727295	2.9063076972961426	2.804840326309204	2.8587684631347656	0.6285707354545593	1.6066807508468628	-4.41330623626709	-3.722862720489502
-0.07289189100265503	-4.731075286865234	2.118351936340332	2.9044029712677	2.8080410957336426	2.855113983154297	0.6580146551132202	1.583216667175293	-4.390643119812012	-3.7202610969543457
-0.07129114866256714	-4.714787483215332	2.1166467666625977	2.9021944999694824	2.8013081550598145	2.853027820587158	0.6473183035850525	1.6047718524932861	-4.411639213562012	-3.715269088745117
-0.08874601125717163	-4.717820167541504	2.110409736633301	2.8994429111480713	2.8038101196289062	2.8497233390808105	0.6738706827163696	1.587612509727478	-4.392416954040527	-3.7136216163635254
-0.0695616602897644	-4.716768741607666	2.1142008304595947	2.9040164947509766	2.80415678024292	2.857762336730957	0.6455354690551758	1.6101447343826294	-4.418381690979004	-3.718815565109253
-0.0842885971069336	-4.724647045135498	2.111414670944214	2.8979310989379883	2.802446126937866	2.8456740379333496	0.6648748517036438	1.6014282703399658	-4.389176368713379	-3.713390350341797
-0.06664711236953735	-4.718527793884277	2.1221070289611816	2.903934955596924	2.8063836097717285	2.853701114654541	0.6595896482467651	1.6034361124038696	-4.433699607849121	-3.717987298965454
-0.08569052815437317	-4.724733352661133	2.1156904697418213	2.8971452713012695	2.803374767303467	2.841832160949707	0.6765391826629639	1.5958175659179688	-4.389113426208496	-3.7186009883880615
-0.07863342761993408	-4.718603134155273	2.1202642917633057	2.901369094848633	2.804654121398926	2.8482913970947266	0.6590296626091003	1.6097373962402344	-4.413717269897461	-3.72011137008667
-0.08935931324958801	-4.727128028869629	2.1191256046295166	2.8983025550842285	2.8038058280944824	2.8432106971740723	0.6822035312652588	1.5961406230926514	-4.391574859619141	-3.7224624156951904
-0.07478088140487671	-4.720923900604248	2.122908115386963	2.9009275436401367	2.804327964782715	2.8465628623962402	0.6637052893638611	1.611066460609436	-4.421778678894043	-3.7197325229644775
-0.09467151761054993	-4.731964111328125	2.123744010925293	2.899986505508423	2.8057355880737305	2.844061851501465	0.6888132691383362	1.5946948528289795	-4.392790794372559	-3.7253427505493164
-0.07169890403747559	-4.7222676277160645	2.126692056655884	2.902698040008545	2.805675506591797	2.848355293273926	0.6661834120750427	1.610127568244934	-4.431367874145508	-3.722111463546753
-0.07770666480064392	-4.7398223876953125	2.1276214122772217	2.900533676147461	2.805748701095581	2.843543529510498	0.6748372912406921	1.5989434719085693	-4.3909759521484375	-3.7304575443267822
-0.07417073845863342	-4.721759796142578	2.1217637062072754	2.9001049995422363	2.804633378982544	2.8441720008850098	0.6700755953788757	1.6089739799499512	-4.418610572814941	-3.7229044437408447
-0.07711225748062134	-4.740165710449219	2.122633457183838	2.897848606109619	2.8057034015655518	2.8381614685058594	0.6813072562217712	1.5994994640350342	-4.386711120605469	-3.728902578353882
-0.08493682742118835	-4.717164516448975	2.1227974891662598	2.9004149436950684	2.8043434619903564	2.8466391563415527	0.6734166741371155	1.6039988994598389	-4.419510841369629	-3.717716932296753
-0.08947157859802246	-4.736849784851074	2.1159400939941406	2.89599609375	2.804471731185913	2.8352408409118652	0.692156195640564	1.598315715789795	-4.378052711486816	-3.7254908084869385
-0.07681587338447571	-4.721574306488037	2.1241281032562256	2.900381088256836	2.803248882293701	2.845543384552002	0.6673164963722229	1.6103718280792236	-4.419808387756348	-3.7205069065093994
-0.09221407771110535	-4.730968952178955	2.1185734272003174	2.895367383956909	2.803741931915283	2.834611415863037	0.6923125386238098	1.5940711498260498	-4.380332946777344	-3.7229092121124268
-0.07125893235206604	-4.725796699523926	2.1257762908935547	2.9011638164520264	2.8042421340942383	2.8460211753845215	0.6678406000137329	1.6085116863250732	-4.421332359313965	-3.722882032394409
-0.09252610802650452	-4.73355770111084	2.1220901012420654	2.8971433639526367	2.805124044418335	2.8367199897766113	0.694198489189148	1.5931346416473389	-4.382258415222168	-3.727813959121704
-0.07542818784713745	-4.727149486541748	2.1227645874023438	2.9013235569000244	2.8050551414489746	2.8470163345336914	0.668138325214386	1.6113470792770386	-4.418686866760254	-3.722092390060425
-0.08849304914474487	-4.730713367462158	2.1167914867401123	2.89717960357666	2.806426763534546	2.8379368782043457	0.695538341999054	1.5932155847549438	-4.388359069824219	-3.7272651195526123
-0.07445400953292847	-4.725351333618164	2.1232969760894775	2.900808334350586	2.8040595054626465	2.845925807952881	0.664695143699646	1.6131157875061035	-4.417839050292969	-3.721970319747925
-0.08885294198989868	-4.7383246421813965	2.1185405254364014	2.898077964782715	2.807398557662964	2.8382086753845215	0.7044044733047485	1.5900382995605469	-4.388276100158691	-3.728957176208496
-0.07417786121368408	-4.724470138549805	2.124239921569824	2.899691104888916	2.804015636444092	2.8440661430358887	0.6688421964645386	1.6061044931411743	-4.418608665466309	-3.7174181938171387
-0.08495783805847168	-4.739094257354736	2.120800733566284	2.8973734378814697	2.80745267868042	2.836836814880371	0.707664430141449	1.5851892232894897	-4.391407012939453	-3.7276017665863037
-0.07665315270423889	-4.723206996917725	2.124530553817749	2.898996591567993	2.803624391555786	2.843006134033203	0.6704725623130798	1.6037639379501343	-4.417448043823242	-3.7148044109344482
-0.08380615711212158	-4.740315914154053	2.118926763534546	2.895068645477295	2.8061604499816895	2.8337512016296387	0.7095463871955872	1.581054925918579	-4.3822126388549805	-3.725924491882324
-0.07738381624221802	-4.725381851196289	2.1231462955474854	2.8987762928009033	2.802983522415161	2.843634605407715	0.6712877154350281	1.608703851699829	-4.418386459350586	-3.7150959968566895
-0.08818051218986511	-4.7362380027771	2.1196115016937256	2.8963675498962402	2.8049352169036865	2.8384766578674316	0.69866544008255	1.5870722532272339	-4.383597373962402	-3.724857807159424
-0.07692462205886841	-4.724803447723389	2.1226563453674316	2.8982460498809814	2.8029866218566895	2.8420825004577637	0.6690883636474609	1.6067308187484741	-4.413372993469238	-3.7144079208374023
-0.08427634835243225	-4.736378192901611	2.1202821731567383	2.895918130874634	2.804598331451416	2.835631847381592	0.6976442337036133	1.589653730392456	-4.388212203979492	-3.7226016521453857
-0.07587474584579468	-4.726627349853516	2.1230080127716064	2.898700714111328	2.8032543659210205	2.8430118560791016	0.6702955365180969	1.606640338897705	-4.414936065673828	-3.7151901721954346
-0.08402052521705627	-4.737618446350098	2.1155900955200195	2.89522123336792	2.804396629333496	2.8348703384399414	0.6962200403213501	1.5928699970245361	-4.3811140060424805	-3.7241597175598145
-0.07912811636924744	-4.724001884460449	2.123216152191162	2.899136543273926	2.803159475326538	2.8438453674316406	0.669884443283081	1.607285499572754	-4.416828155517578	-3.714284896850586
-0.08888986706733704	-4.736733436584473	2.1151154041290283	2.894186496734619	2.8040356636047363	2.8330230712890625	0.7001394033432007	1.5916460752487183	-4.378321647644043	-3.7219462394714355
-0.07940450310707092	-4.723851680755615	2.1226985454559326	2.89908766746521	2.8036949634552	2.8438119888305664	0.6721475720405579	1.6073956489562988	-4.418981552124023	-3.7143142223358154
-0.0865890383720398	-4.737581729888916	2.11649489402771	2.894448757171631	2.8045966625213623	2.8324990272521973	0.7017076015472412	1.5903782844543457	-4.380568504333496	-3.7231311798095703
-0.0763014554977417	-4.723524570465088	2.12308669090271	2.8988161087036133	2.803356409072876	2.8425779342651367	0.6701447367668152	1.6077842712402344	-4.4176130294799805	-3.716042995452881
-0.08540913462638855	-4.7376885414123535	2.1171884536743164	2.8949058055877686	2.8046584129333496	2.833083152770996	0.7031090259552002	1.5897719860076904	-4.383535385131836	-3.723829746246338
-0.07620307803153992	-4.72238302230835	2.121788740158081	2.898338794708252	2.8031275272369385	2.8423805236816406	0.6676360368728638	1.607956886291504	-4.414905548095703	-3.715456247329712
-0.07205641269683838	-4.7513837814331055	2.1228840351104736	2.897764205932617	2.8076629638671875	2.8367443084716797	0.6977390050888062	1.5920534133911133	-4.385909080505371	-3.7332398891448975
-0.08608561754226685	-4.7246856689453125	2.120831251144409	2.8981165885925293	2.802281379699707	2.8430747985839844	0.675009548664093	1.6098425388336182	-4.408634185791016	-3.7174713611602783
-0.06956049799919128	-4.747351169586182	2.121171236038208	2.896951198577881	2.806121826171875	2.83740234375	0.690427303314209	1.5915400981903076	-4.380733489990234	-3.7337141036987305
-0.08031439781188965	-4.72189474105835	2.1180686950683594	2.89796781539917	2.802076816558838	2.843088150024414	0.6709883809089661	1.6130660772323608	-4.413090705871582	-3.717674732208252
-0.07665267586708069	-4.7446064949035645	2.1204402446746826	2.8950185775756836	2.8040409088134766	2.8345861434936523	0.6850489974021912	1.5960984230041504	-4.371074676513672	-3.730649948120117
-0.08436405658721924	-4.718348503112793	2.1214747428894043	2.897505760192871	2.801278591156006	2.842043399810791	0.6700523495674133	1.6090083122253418	-4.415785789489746	-3.7105841636657715
-0.06995108723640442	-4.747924327850342	2.1215226650238037	2.8955078125	2.8032867908477783	2.8348817825317383	0.6884875297546387	1.5969241857528687	-4.379179000854492	-3.7313010692596436
-0.0832064151763916	-4.716500759124756	2.119758367538452	2.8969297409057617	2.800088882446289	2.8424744606018066	0.6660998463630676	1.6103899478912354	-4.416072845458984	-3.7076785564422607
-0.0711064338684082	-4.742872714996338	2.119842052459717	2.8943750858306885	2.8022987842559814	2.8345155715942383	0.6845239996910095	1.5973429679870605	-4.3788251876831055	-3.7278366088867188
-0.08125051856040955	-4.717333793640137	2.1200478076934814	2.8972220420837402	2.8004469871520996	2.841801643371582	0.6679861545562744	1.612609624862671	-4.419095039367676	-3.7101528644561768
-0.0787847638130188	-4.7475666999816895	2.122832775115967	2.893829584121704	2.8004608154296875	2.8342676162719727	0.6855840682983398	1.5986658334732056	-4.371427536010742	-3.7256088256835938
-0.08284139633178711	-4.727442741394043	2.1189632415771484	2.8937928676605225	2.796584367752075	2.8368749618530273	0.6737425923347473	1.6152911186218262	-4.40399169921875	-3.7087013721466064
-0.07960653305053711	-4.7395195960998535	2.118328809738159	2.8913650512695312	2.800339698791504	2.8322396278381348	0.682380199432373	1.58988618850708	-4.362484931945801	-3.7206826210021973
-0.06849539279937744	-4.7279863357543945	2.1216413974761963	2.8939008712768555	2.7964468002319336	2.8358616828918457	0.6614122986793518	1.617393970489502	-4.40767765045166	-3.710221529006958
-0.07970330119132996	-4.741851329803467	2.1212379932403564	2.8928279876708984	2.8019042015075684	2.833834648132324	0.6840158700942993	1.591436505317688	-4.369228363037109	-3.722224235534668
-0.06802195310592651	-4.728689193725586	2.1230084896087646	2.894537925720215	2.798389434814453	2.836974620819092	0.6653417944908142	1.6115669012069702	-4.405423164367676	-3.7154130935668945
-0.0823526680469513	-4.736966609954834	2.118090867996216	2.8921477794647217	2.8019919395446777	2.833956718444824	0.6829767823219299	1.589266061782837	-4.366049766540527	-3.7208139896392822
-0.0691261887550354	-4.728359699249268	2.1193912029266357	2.8948750495910645	2.7979021072387695	2.8383021354675293	0.6629539132118225	1.6175718307495117	-4.402756690979004	-3.7184832096099854
-0.08562037348747253	-4.735763072967529	2.118612051010132	2.8928332328796387	2.801980972290039	2.836207389831543	0.6797205805778503	1.592345952987671	-4.372082710266113	-3.7159810066223145
-0.0638379156589508	-4.735498905181885	2.120861768722534	2.896796941757202	2.798232078552246	2.8399453163146973	0.6626730561256409	1.6219013929367065	-4.408641815185547	-3.7201554775238037
-0.07920169830322266	-4.740721225738525	2.11820912361145	2.8922839164733887	2.8015527725219727	2.8341689109802246	0.6861032247543335	1.5917367935180664	-4.371579170227051	-3.7203049659729004
-0.06729939579963684	-4.741743564605713	2.1180617809295654	2.8954551219940186	2.798025608062744	2.8397116661071777	0.6604297757148743	1.6246824264526367	-4.3927001953125	-3.7223544120788574
-0.0835011899471283	-4.741889476776123	2.116159677505493	2.89048433303833	2.7998671531677246	2.8320746421813965	0.6821523308753967	1.5919816493988037	-4.360259056091309	-3.7148256301879883
-0.06313183903694153	-4.7344441413879395	2.1169798374176025	2.8956785202026367	2.7984046936035156	2.839852809906006	0.6577925682067871	1.6230504512786865	-4.399730682373047	-3.722182035446167
-0.08382472395896912	-4.742228031158447	2.115518808364868	2.889199733734131	2.798374652862549	2.8292441368103027	0.682584285736084	1.595689296722412	-4.35935115814209	-3.7129602432250977
-0.0653594434261322	-4.739251136779785	2.120357036590576	2.894711971282959	2.7986435890197754	2.8381214141845703	0.6593924164772034	1.618009328842163	-4.3933000564575195	-3.71905779838562
-0.08175468444824219	-4.744089603424072	2.117448091506958	2.8914637565612793	2.8001933097839355	2.8333096504211426	0.6821776628494263	1.592078447341919	-4.362885475158691	-3.715693712234497
-0.06380298733711243	-4.737127304077148	2.120511770248413	2.8964481353759766	2.7989652156829834	2.841254234313965	0.658470094203949	1.6179893016815186	-4.399765968322754	-3.7206735610961914
-0.07862970232963562	-4.746823787689209	2.1173171997070312	2.8916354179382324	2.8002266883850098	2.8326191902160645	0.6845220923423767	1.5963318347930908	-4.367278099060059	-3.7176713943481445
-0.06490156054496765	-4.734551906585693	2.1231000423431396	2.8966917991638184	2.798497200012207	2.8419270515441895	0.6577097177505493	1.6140899658203125	-4.403878211975098	-3.716413736343384
-0.08050167560577393	-4.748504161834717	2.1194887161254883	2.891737222671509	2.8000779151916504	2.8320908546447754	0.6872351765632629	1.5949641466140747	-4.368403434753418	-3.715934991836548
-0.06408405303955078	-4.737118721008301	2.122525453567505	2.895969867706299	2.798037052154541	2.840416431427002	0.6606131196022034	1.6151502132415771	-4.401517868041992	-3.7177231311798096
-0.08272504806518555	-4.7474284172058105	2.119602918624878	2.8920016288757324	2.7999930381774902	2.833787441253662	0.6866005063056946	1.5952249765396118	-4.369452476501465	-3.7153544425964355
-0.06382611393928528	-4.737647533416748	2.1210196018218994	2.8959007263183594	2.7984495162963867	2.840846538543701	0.6588762402534485	1.616374135017395	-4.399538993835449	-3.7181854248046875
-0.08343446254730225	-4.7444987297058105	2.120352029800415	2.891669511795044	2.7991623878479004	2.833261013031006	0.6851945519447327	1.595072627067566	-4.37058162689209	-3.713947296142578
-0.06116107106208801	-4.741085052490234	2.1220898628234863	2.8966593742370605	2.8003034591674805	2.8406524658203125	0.6648471355438232	1.6136467456817627	-4.401486396789551	-3.7221970558166504
-0.08364325761795044	-4.746308326721191	2.1202380657196045	2.8918299674987793	2.800314426422119	2.8324484825134277	0.689460277557373	1.595690369606018	-4.37290096282959	-3.7148776054382324
-0.0641186535358429	-4.739750862121582	2.1214840412139893	2.896031379699707	2.798949956893921	2.840531826019287	0.6640538573265076	1.6163921356201172	-4.401885032653809	-3.719419240951538
-0.07997256517410278	-4.752748489379883	2.1201555728912354	2.892498731613159	2.8011293411254883	2.8333520889282227	0.6905307173728943	1.597254753112793	-4.372941017150879	-3.7170071601867676
-0.06315061450004578	-4.735325336456299	2.1196532249450684	2.896174669265747	2.7987124919891357	2.8413476943969727	0.6598953604698181	1.6168224811553955	-4.402224540710449	-3.7196366786956787
-0.08247897028923035	-4.743764877319336	2.1182947158813477	2.889934778213501	2.798661708831787	2.8304076194763184	0.6823175549507141	1.5976803302764893	-4.369514465332031	-3.709287643432617
-3.862257480621338	-3.0912444591522217	2.686504364013672	4.661096572875977	0.4377802610397339	3.685154438018799	1.1322832107543945	1.036177158355713	-4.520833969116211	-2.1469075679779053
-3.744950294494629	-3.2306134700775146	2.8806777000427246	4.508182525634766	0.5528550148010254	3.6294379234313965	1.22810959815979	0.9020825028419495	-4.485405921936035	-2.222928762435913
-3.644564151763916	-3.4880592823028564	3.1296868324279785	4.390547752380371	0.7357284426689148	3.58729887008667	1.3860788345336914	0.8385185599327087	-4.498658180236816	-2.4193572998046875
-3.515829563140869	-3.7828805446624756	3.405317544937134	4.287802696228027	0.9079039096832275	3.512998104095459	1.5571163892745972	0.7456991672515869	-4.4716796875	-2.6295011043548584
-3.413179397583008	-4.087166786193848	3.7421071529388428	4.193253040313721	0.9978188276290894	3.404694080352783	1.703810453414917	0.7170372605323792	-4.4065399169921875	-2.835031032562256
-3.4518380165100098	-4.139190196990967	3.8687522411346436	4.208892822265625	0.9297282695770264	3.3755359649658203	1.6782740354537964	0.7376741170883179	-4.35336971282959	-2.8375167846679688
-3.507826805114746	-4.22272253036499	4.02971887588501	4.249475479125977	0.8600974082946777	3.3672385215759277	1.6576828956604004	0.7750532031059265	-4.316074371337891	-2.875483751296997
-3.5709786415100098	-4.260210990905762	4.146780490875244	4.275962829589844	0.7818422317504883	3.345369338989258	1.6411583423614502	0.7851539850234985	-4.273924827575684	-2.8538146018981934
-3.623507499694824	-4.297125339508057	4.257094383239746	4.297051429748535	0.7278476357460022	3.320866107940674	1.603712558746338	0.7901709079742432	-4.233713150024414	-2.8249003887176514
-3.650876045227051	-4.301222324371338	4.316900730133057	4.299404144287109	0.7049470543861389	3.2892847061157227	1.5717213153839111	0.8072457909584045	-4.2129926681518555	-2.806825876235962
-3.6922483444213867	-4.315636157989502	4.392210006713867	4.312978267669678	0.6569202542304993	3.2636938095092773	1.5358973741531372	0.8134138584136963	-4.162989616394043	-2.7865402698516846
-3.704960346221924	-4.312905788421631	4.425073623657227	4.31215763092041	0.6446738243103027	3.2416391372680664	1.4832276105880737	0.8100962042808533	-4.118534088134766	-2.762725830078125
-3.7221922874450684	-4.3003621101379395	4.462850570678711	4.317904949188232	0.6310793161392212	3.2278623580932617	1.460721731185913	0.8162633180618286	-4.107885360717773	-2.7684454917907715
-3.7121477127075195	-4.292459964752197	4.482670307159424	4.315961837768555	0.611530065536499	3.2075557708740234	1.4227426052093506	0.8062110543251038	-4.075876235961914	-2.748380661010742
-3.724590301513672	-4.2906413078308105	4.503617763519287	4.319761753082275	0.6103837490081787	3.1952929496765137	1.4170632362365723	0.8108386397361755	-4.07077693939209	-2.7531166076660156
-3.7287306785583496	-4.283671855926514	4.519331455230713	4.320308685302734	0.5901153683662415	3.185356616973877	1.4012149572372437	0.8136654496192932	-4.04804801940918	-2.7516896724700928
-3.7367630004882812	-4.283496379852295	4.5356926918029785	4.323973655700684	0.5834606289863586	3.174619674682617	1.3860604763031006	0.8140450119972229	-4.027729034423828	-2.751992702484131
-3.732916831970215	-4.286393165588379	4.544951438903809	4.324471473693848	0.578146755695343	3.1706604957580566	1.37225341796875	0.8158948421478271	-4.013223648071289	-2.7559666633605957
-3.7373595237731934	-4.283913612365723	4.556907653808594	4.325416564941406	0.5683629512786865	3.1597962379455566	1.3506009578704834	0.8147307634353638	-3.9909322261810303	-2.7457146644592285
-3.7437515258789062	-4.287206172943115	4.570344924926758	4.3318634033203125	0.5583906769752502	3.165048599243164	1.3560833930969238	0.8149507641792297	-3.9870126247406006	-2.76080060005188
-3.7504053115844727	-4.282745361328125	4.57487678527832	4.330946922302246	0.5586866140365601	3.1584763526916504	1.3358252048492432	0.8221328854560852	-3.9788262844085693	-2.751034736633301
-3.7600817680358887	-4.291153907775879	4.588165760040283	4.338634967803955	0.5634163618087769	3.1681265830993652	1.3424365520477295	0.8277567028999329	-3.99076247215271	-2.768587827682495
-3.754189968109131	-4.283566951751709	4.588482856750488	4.333723068237305	0.5510111451148987	3.1571907997131348	1.3307867050170898	0.8166453242301941	-3.96401047706604	-2.758127450942993
-3.76071834564209	-4.287866592407227	4.596216201782227	4.337998390197754	0.564595103263855	3.1649599075317383	1.337939739227295	0.8276538848876953	-3.9917261600494385	-2.7710986137390137
-3.761847972869873	-4.284934997558594	4.60219669342041	4.3372802734375	0.539679229259491	3.1562743186950684	1.32511568069458	0.8171564340591431	-3.956718683242798	-2.7562355995178223
-3.765411853790283	-4.290799617767334	4.608436107635498	4.341921806335449	0.5524405837059021	3.1648263931274414	1.3375070095062256	0.8262757658958435	-3.9827611446380615	-2.7744650840759277
-3.770503520965576	-4.289431095123291	4.6151628494262695	4.343074798583984	0.5290858149528503	3.158109664916992	1.3296878337860107	0.8123213052749634	-3.9504201412200928	-2.7591066360473633
-3.7725672721862793	-4.294325351715088	4.620508670806885	4.347385406494141	0.532783031463623	3.1656079292297363	1.338361382484436	0.8264564275741577	-3.969787836074829	-2.776434898376465
-3.7758841514587402	-4.291059494018555	4.62449836730957	4.348031997680664	0.5162861347198486	3.1599764823913574	1.3267223834991455	0.8136309385299683	-3.945202589035034	-2.7589993476867676
-3.773609161376953	-4.2909770011901855	4.621951103210449	4.347780227661133	0.5342836976051331	3.166098117828369	1.3373682498931885	0.8265644907951355	-3.9729931354522705	-2.778477191925049
-3.774196147918701	-4.290426731109619	4.625502109527588	4.3482985496521	0.5203413367271423	3.1587209701538086	1.3210091590881348	0.8176071643829346	-3.954366445541382	-2.7544822692871094
-3.7786803245544434	-4.289587497711182	4.625358581542969	4.3495941162109375	0.5351113080978394	3.1672306060791016	1.3391129970550537	0.8271849155426025	-3.978381395339966	-2.7789454460144043
-3.779496192932129	-4.292217254638672	4.629158973693848	4.34984827041626	0.5212292075157166	3.1598806381225586	1.3223531246185303	0.8175353407859802	-3.9541003704071045	-2.756181478500366
-3.781370162963867	-4.2913594245910645	4.6278076171875	4.3511552810668945	0.5411570072174072	3.1694674491882324	1.3370614051818848	0.8283605575561523	-3.9842846393585205	-2.7799904346466064
-3.78873348236084	-4.29680871963501	4.632765769958496	4.351780891418457	0.5273237824440002	3.160109519958496	1.3213329315185547	0.8204406499862671	-3.957014799118042	-2.7531721591949463
-3.782197952270508	-4.294782638549805	4.631989479064941	4.353426933288574	0.5416306257247925	3.168903350830078	1.33021879196167	0.8289417624473572	-3.9872019290924072	-2.772911787033081
-3.790452003479004	-4.296674728393555	4.63546085357666	4.354257583618164	0.5292218327522278	3.1645069122314453	1.3252737522125244	0.8187800049781799	-3.96094012260437	-2.7614026069641113
-3.7837352752685547	-4.294419765472412	4.634274005889893	4.353707790374756	0.5374333262443542	3.16731595993042	1.3307522535324097	0.824610710144043	-3.9784324169158936	-2.7734923362731934
-3.793865203857422	-4.296917915344238	4.635064125061035	4.35316276550293	0.5331684947013855	3.163055896759033	1.3260133266448975	0.8242233395576477	-3.9670188426971436	-2.7588562965393066
-3.7908196449279785	-4.297290802001953	4.640043258666992	4.358083248138428	0.5348410606384277	3.169616222381592	1.3240200281143188	0.8291994333267212	-3.9846136569976807	-2.7650461196899414
-3.796232223510742	-4.293753623962402	4.63539981842041	4.353554725646973	0.5359187722206116	3.1646652221679688	1.3294810056686401	0.8217789530754089	-3.9682581424713135	-2.7645223140716553
-3.790024757385254	-4.297615051269531	4.636178016662598	4.355278491973877	0.5452551245689392	3.1696972846984863	1.327375054359436	0.8325241208076477	-3.993905782699585	-2.7667346000671387
-3.795637607574463	-4.291372776031494	4.634018421173096	4.351515293121338	0.5415946841239929	3.1628832817077637	1.3300575017929077	0.8201195597648621	-3.9708454608917236	-2.7643091678619385
-3.7910289764404297	-4.296737194061279	4.6367034912109375	4.355413913726807	0.5468275547027588	3.169358730316162	1.3280645608901978	0.8330218195915222	-3.99711537361145	-2.766479730606079
-3.7962746620178223	-4.289153575897217	4.633291721343994	4.350920677185059	0.5498873591423035	3.163569927215576	1.3325154781341553	0.8211153149604797	-3.9822003841400146	-2.765648126602173
-3.791317939758301	-4.295939922332764	4.636712074279785	4.35464334487915	0.5420451164245605	3.1673340797424316	1.3250415325164795	0.8323796987533569	-3.9914486408233643	-2.761418342590332
-3.798516273498535	-4.294305324554443	4.636142253875732	4.352705001831055	0.5518163442611694	3.1647419929504395	1.3323527574539185	0.8257870078086853	-3.9845268726348877	-2.768165349960327
-3.790660858154297	-4.2951483726501465	4.636821746826172	4.354308128356934	0.5477896928787231	3.1673269271850586	1.3273738622665405	0.831520140171051	-3.997514009475708	-2.7637879848480225
-3.7995805740356445	-4.290886402130127	4.634474754333496	4.351321220397949	0.5519120097160339	3.1634879112243652	1.331087350845337	0.8251788020133972	-3.9832217693328857	-2.7657434940338135
-3.7938013076782227	-4.296940326690674	4.638104438781738	4.355271339416504	0.5484349131584167	3.168299674987793	1.331371545791626	0.8338081240653992	-3.9984638690948486	-2.7680513858795166
-3.7964062690734863	-4.293443202972412	4.635152816772461	4.350921630859375	0.5533372163772583	3.1624679565429688	1.3275525569915771	0.8256385326385498	-3.984304666519165	-2.7628889083862305
-3.7960739135742188	-4.297818660736084	4.638617038726807	4.356256484985352	0.5530303120613098	3.1697611808776855	1.3303807973861694	0.8376215696334839	-4.002598762512207	-2.771136522293091
-3.7976465225219727	-4.294632434844971	4.635358810424805	4.351160049438477	0.5516486763954163	3.1623377799987793	1.328507661819458	0.824640691280365	-3.9803144931793213	-2.7630326747894287
-3.794067859649658	-4.298645496368408	4.639248847961426	4.356426239013672	0.5518684387207031	3.168682098388672	1.3267072439193726	0.8361267447471619	-4.000713348388672	-2.7675957679748535
-3.798616409301758	-4.29459810256958	4.637547492980957	4.352626323699951	0.5518850684165955	3.1633353233337402	1.3288569450378418	0.8247839212417603	-3.9827940464019775	-2.7649946212768555
-3.791778087615967	-4.298135280609131	4.639754772186279	4.356082439422607	0.5519934892654419	3.168699264526367	1.3270111083984375	0.835061252117157	-4.000679016113281	-2.769974946975708
-3.7985281944274902	-4.295617580413818	4.636404991149902	4.351926326751709	0.553230345249176	3.163130283355713	1.331025242805481	0.8250563740730286	-3.9823873043060303	-2.7662112712860107
-3.793274402618408	-4.294086933135986	4.641735076904297	4.3557844161987305	0.552240788936615	3.165034770965576	1.323849081993103	0.8281280398368835	-3.9893782138824463	-2.7719979286193848
-3.7982401847839355	-4.295417308807373	4.640669345855713	4.3549394607543945	0.5531719923019409	3.162109375	1.325707197189331	0.8206533193588257	-3.9798495769500732	-2.7657079696655273
-3.795438766479492	-4.296597480773926	4.642194747924805	4.356612205505371	0.5506739616394043	3.165224075317383	1.3262207508087158	0.8318440318107605	-3.9914963245391846	-2.771200180053711
-3.7985353469848633	-4.295187473297119	4.64068603515625	4.355023384094238	0.552038848400116	3.1616482734680176	1.3251848220825195	0.8204440474510193	-3.9777371883392334	-2.7655298709869385
-3.7953052520751953	-4.297153949737549	4.644671440124512	4.358376502990723	0.5474011301994324	3.1661858558654785	1.3256289958953857	0.8308319449424744	-3.9910175800323486	-2.771577835083008
-3.796746253967285	-4.296408653259277	4.640928268432617	4.355279922485352	0.553704559803009	3.1617207527160645	1.3245480060577393	0.8210849761962891	-3.9802348613739014	-2.765839099884033
-3.7984580993652344	-4.298015117645264	4.644556999206543	4.3583984375	0.5481998920440674	3.1667442321777344	1.3276335000991821	0.8312051892280579	-3.990464448928833	-2.771759271621704
-3.794722557067871	-4.293993949890137	4.638913154602051	4.353335380554199	0.5540899038314819	3.1601433753967285	1.3218498229980469	0.8209051489830017	-3.979543924331665	-2.762943744659424
-3.799638271331787	-4.299132823944092	4.646580696105957	4.360068321228027	0.5518482327461243	3.168090343475342	1.3240275382995605	0.8317821621894836	-3.9945461750030518	-2.7710318565368652
-3.7942371368408203	-4.295345783233643	4.639408111572266	4.354109287261963	0.5530757904052734	3.1606874465942383	1.3238109350204468	0.8206315040588379	-3.979214906692505	-2.7648911476135254
-3.7993264198303223	-4.2978692054748535	4.644694805145264	4.358585834503174	0.5491817593574524	3.1671791076660156	1.3266178369522095	0.8309057354927063	-3.990636110305786	-2.7712905406951904
-3.7954354286193848	-4.29483699798584	4.639528274536133	4.353976249694824	0.5532878637313843	3.1604390144348145	1.3257085084915161	0.8218753933906555	-3.9808156490325928	-2.765695571899414
-3.7984542846679688	-4.2974324226379395	4.644914627075195	4.358470916748047	0.5483610033988953	3.1662659645080566	1.3262083530426025	0.8304086923599243	-3.989098310470581	-2.771602153778076
-3.79598331451416	-4.294923305511475	4.640041351318359	4.354251861572266	0.5543681979179382	3.1606078147888184	1.3240125179290771	0.8215208649635315	-3.980677843093872	-2.7651822566986084
-3.7967920303344727	-4.2987518310546875	4.645663261413574	4.359847068786621	0.5495574474334717	3.1688151359558105	1.3252570629119873	0.832223117351532	-3.9951999187469482	-2.772573709487915
-3.797555923461914	-4.296267986297607	4.640998840332031	4.355374336242676	0.5511415004730225	3.161520481109619	1.3246331214904785	0.8219058513641357	-3.9784133434295654	-2.765300750732422
-3.7988672256469727	-4.298440933227539	4.645363807678223	4.3589301109313965	0.5499964356422424	3.1672120094299316	1.3305232524871826	0.8303706049919128	-3.9918830394744873	-2.7751622200012207
-3.799750328063965	-4.2957634925842285	4.641989707946777	4.356488227844238	0.553161084651947	3.1626944541931152	1.3278989791870117	0.8216843605041504	-3.9815046787261963	-2.76885724067688
-3.7993998527526855	-4.297476291656494	4.644309997558594	4.359133720397949	0.5547922849655151	3.169219970703125	1.3331844806671143	0.8316169381141663	-3.999422311782837	-2.7779178619384766
-3.7988295555114746	-4.295895099639893	4.642560958862305	4.356829643249512	0.5524194240570068	3.163625717163086	1.3244950771331787	0.8227860331535339	-3.9816224575042725	-2.7683258056640625
-3.799905776977539	-4.29850435256958	4.646097183227539	4.35978889465332	0.5504377484321594	3.168705463409424	1.3304119110107422	0.8315401673316956	-3.994799852371216	-2.775726795196533
-3.7998390197753906	-4.297034740447998	4.643202781677246	4.357289791107178	0.5534051060676575	3.1639299392700195	1.3281896114349365	0.8233044743537903	-3.9835355281829834	-2.7708683013916016
-3.8013529777526855	-4.298957824707031	4.646050453186035	4.36038875579834	0.5542189478874207	3.170196533203125	1.3302398920059204	0.833700954914093	-4.000207901000977	-2.7762269973754883
-3.798499584197998	-4.296513080596924	4.641810417175293	4.35646915435791	0.5531059503555298	3.163149356842041	1.3249197006225586	0.8232383728027344	-3.981994867324829	-2.7676451206207275
-3.800421714782715	-4.299076557159424	4.646659851074219	4.360256195068359	0.551542341709137	3.1691603660583496	1.3293728828430176	0.8309541940689087	-3.9948742389678955	-2.7755255699157715
-3.798638343811035	-4.295474052429199	4.641733646392822	4.356168746948242	0.5526687502861023	3.1629786491394043	1.3275871276855469	0.8226701617240906	-3.9830076694488525	-2.768648147583008
-3.800377368927002	-4.299289703369141	4.646233558654785	4.360250473022461	0.5508905053138733	3.169508457183838	1.3305058479309082	0.8310729265213013	-3.9945991039276123	-2.776149272918701
-3.7978506088256836	-4.293735027313232	4.6418681144714355	4.355869293212891	0.5557101964950562	3.163083553314209	1.3234392404556274	0.8229240775108337	-3.9841978549957275	-2.769073486328125
-3.803584575653076	-4.302880764007568	4.649628639221191	4.363130569458008	0.5495173931121826	3.1711840629577637	1.331549882888794	0.8307763338088989	-3.9958341121673584	-2.7754311561584473
-3.7988624572753906	-4.293023109436035	4.6421613693237305	4.356155872344971	0.5545153617858887	3.1634812355041504	1.324971079826355	0.8242595791816711	-3.9853622913360596	-2.7702577114105225
-3.802490711212158	-4.30214262008667	4.647266387939453	4.361513137817383	0.5498489141464233	3.170196533203125	1.332781195640564	0.8323813080787659	-3.9959170818328857	-2.7753851413726807
-3.7984204292297363	-4.287302494049072	4.64077091217041	4.3547868728637695	0.554343581199646	3.1605982780456543	1.3216488361358643	0.8224048614501953	-3.98201584815979	-2.7687811851501465
-3.802276611328125	-4.298272609710693	4.646172523498535	4.360552787780762	0.5542303323745728	3.1693639755249023	1.330016016960144	0.8334134817123413	-3.9978573322296143	-2.7772955894470215
-3.7985057830810547	-4.29287576675415	4.640876770019531	4.35528039932251	0.5571350455284119	3.1625170707702637	1.325225591659546	0.8258733153343201	-3.9859459400177	-2.771543502807617
-3.8031139373779297	-4.299001216888428	4.648288249969482	4.3617401123046875	0.5532582402229309	3.170299530029297	1.325958251953125	0.8344177603721619	-3.9971749782562256	-2.7766177654266357
-3.8011093139648438	-4.297146797180176	4.643308639526367	4.357680797576904	0.5538386702537537	3.1637964248657227	1.3275036811828613	0.8260266184806824	-3.98408579826355	-2.771766424179077
-3.803219795227051	-4.299768924713135	4.647080421447754	4.361310005187988	0.5527278780937195	3.1700448989868164	1.330102801322937	0.8344277739524841	-3.99855637550354	-2.776097059249878
-3.801445960998535	-4.296823024749756	4.6427106857299805	4.357264518737793	0.5553777813911438	3.1635971069335938	1.3267359733581543	0.8245949149131775	-3.98354172706604	-2.7704238891601562
-3.8072948455810547	-4.298750400543213	4.648838520050049	4.362497329711914	0.5505499243736267	3.171316146850586	1.329577922821045	0.8326773643493652	-3.99389910697937	-2.7774577140808105
-3.8021483421325684	-4.297542572021484	4.6431565284729	4.357443332672119	0.5560457110404968	3.163799285888672	1.3252230882644653	0.8245901465415955	-3.982396364212036	-2.770122766494751
-3.8062820434570312	-4.297817707061768	4.648293972015381	4.3616533279418945	0.5501901507377625	3.16884708404541	1.3307560682296753	0.8314444422721863	-3.9900753498077393	-2.7789578437805176
-3.80283260345459	-4.298894882202148	4.644107818603516	4.3585381507873535	0.556702196598053	3.1648330688476562	1.3253931999206543	0.823853611946106	-3.9820172786712646	-2.771634578704834
-3.8063435554504395	-4.298184394836426	4.64791202545166	4.361786365509033	0.5497548580169678	3.1701512336730957	1.3336786031723022	0.8317192792892456	-3.9928314685821533	-2.7795908451080322
-3.801334857940674	-4.296699047088623	4.643196105957031	4.357394218444824	0.5547894835472107	3.163400173187256	1.3264479637145996	0.8226305246353149	-3.981038808822632	-2.7707417011260986
-4.786923885345459	-2.9194753170013428	0.6261399984359741	2.5854952335357666	1.8806724548339844	2.756777763366699	1.7521476745605469	1.5946707725524902	-4.014141082763672	0.5393691658973694
-4.613311290740967	-3.1307754516601562	0.6239444613456726	2.4585089683532715	1.9998465776443481	2.873884677886963	1.6179136037826538	1.8900926113128662	-4.237473487854004	0.5322953462600708
-4.466317176818848	-3.246992349624634	0.6023426651954651	2.3166563510894775	2.160017967224121	2.933346748352051	1.466991662979126	2.2506396770477295	-4.532793045043945	0.5313165783882141
-4.367445945739746	-3.269763708114624	0.5571456551551819	2.137782573699951	2.278191566467285	2.939286231994629	1.2119600772857666	2.666724443435669	-4.788529396057129	0.6501964330673218
-4.2202534675598145	-3.292901039123535	0.5033166408538818	1.935084581375122	2.420164108276367	2.8928918838500977	0.928729236125946	3.1389338970184326	-5.018872261047363	0.7288464903831482
-4.256469249725342	-3.264207124710083	0.4828684329986572	1.917755126953125	2.461982488632202	2.821470260620117	0.768778920173645	3.3342883586883545	-5.05037784576416	0.8000321388244629
-4.312836170196533	-3.2607734203338623	0.46273472905158997	1.9095637798309326	2.5196456909179688	2.757521152496338	0.6723372936248779	3.524648904800415	-5.0899200439453125	0.8334302306175232
-4.376944065093994	-3.264983892440796	0.44041678309440613	1.9175101518630981	2.5358452796936035	2.7321815490722656	0.6123475432395935	3.6383306980133057	-5.079587936401367	0.8613776564598083
-4.419578552246094	-3.2410552501678467	0.413135826587677	1.9162532091140747	2.542667865753174	2.694769859313965	0.5435506105422974	3.7377617359161377	-5.08165168762207	0.9107701778411865
-4.462731838226318	-3.2358319759368896	0.40028342604637146	1.9248095750808716	2.5490431785583496	2.6845831871032715	0.5043229460716248	3.8095028400421143	-5.092571258544922	0.9353287220001221
-4.499298572540283	-3.22202467918396	0.3824034631252289	1.934393286705017	2.56007719039917	2.6728639602661133	0.4763795733451843	3.8780171871185303	-5.120641708374023	0.9546787142753601
-4.546116352081299	-3.2254483699798584	0.3787105977535248	1.9398243427276611	2.562622547149658	2.6530141830444336	0.4670707583427429	3.927245855331421	-5.099773406982422	0.9597700238227844
-4.5700788497924805	-3.242457628250122	0.3688158690929413	1.955692172050476	2.574697971343994	2.652129650115967	0.464779794216156	3.98637318611145	-5.116100311279297	0.9431583881378174
-4.599071979522705	-3.2470390796661377	0.3654513955116272	1.96037757396698	2.5797524452209473	2.6463799476623535	0.47785311937332153	4.007141590118408	-5.106653213500977	0.9328506588935852
-4.608158588409424	-3.2584726810455322	0.3582351505756378	1.967523217201233	2.5936033725738525	2.6450958251953125	0.48539549112319946	4.0319132804870605	-5.1252899169921875	0.9272466897964478
-4.630320072174072	-3.262089490890503	0.357918918132782	1.9755619764328003	2.593018054962158	2.6505041122436523	0.49701887369155884	4.051533222198486	-5.111749649047852	0.8957090973854065
-4.628635406494141	-3.2561967372894287	0.3493572473526001	1.9755222797393799	2.5978646278381348	2.6419639587402344	0.5010401606559753	4.062629699707031	-5.122759819030762	0.896329939365387
-4.648171424865723	-3.263845682144165	0.3523683547973633	1.981048583984375	2.6023871898651123	2.6377439498901367	0.5117915272712708	4.0771942138671875	-5.110400199890137	0.8770144581794739
-4.6609883308410645	-3.2547953128814697	0.34876397252082825	1.9830610752105713	2.6063075065612793	2.6271400451660156	0.5208203196525574	4.087320327758789	-5.118138313293457	0.8776600956916809
-4.670790672302246	-3.252779245376587	0.3458788990974426	1.9817335605621338	2.6021902561187744	2.6246471405029297	0.5221328139305115	4.091935634613037	-5.107425689697266	0.8796284198760986
-4.685770511627197	-3.237302780151367	0.3364134430885315	1.9823249578475952	2.598531723022461	2.620880603790283	0.5230286717414856	4.0979905128479	-5.106005668640137	0.8870754837989807
-4.693231105804443	-3.256995439529419	0.34338343143463135	1.9842466115951538	2.6069223880767822	2.616781711578369	0.5463313460350037	4.104977130889893	-5.102529525756836	0.8672894835472107
-4.713734149932861	-3.24770450592041	0.34241926670074463	1.9910552501678467	2.602808713912964	2.620147228240967	0.5383772253990173	4.117977142333984	-5.097386360168457	0.8632344603538513
-4.726869106292725	-3.2443645000457764	0.3423367142677307	1.9902994632720947	2.609898328781128	2.6193270683288574	0.5544658899307251	4.120919227600098	-5.104941368103027	0.8561345338821411
-4.745049953460693	-3.2634294033050537	0.3452480733394623	2.0029239654541016	2.614497184753418	2.6273512840270996	0.5639802813529968	4.141045570373535	-5.101395606994629	0.8320620656013489
-4.752678871154785	-3.250791311264038	0.351375937461853	2.0005104541778564	2.6229820251464844	2.630495548248291	0.5631089210510254	4.13757848739624	-5.118109703063965	0.8327772617340088
-4.762416362762451	-3.264880418777466	0.3486384153366089	2.0068254470825195	2.618872880935669	2.6340441703796387	0.5682993531227112	4.149327754974365	-5.104519844055176	0.8230627775192261
-4.757584095001221	-3.253995656967163	0.3552517890930176	2.0020806789398193	2.6237504482269287	2.6318297386169434	0.5674849152565002	4.143287181854248	-5.112814903259277	0.8179526329040527
-4.774445056915283	-3.26951003074646	0.35227611660957336	2.0118355751037598	2.616885185241699	2.6469955444335938	0.5626787543296814	4.158586025238037	-5.110111236572266	0.8220816254615784
-4.771515369415283	-3.2572202682495117	0.35411790013313293	2.009791374206543	2.6251747608184814	2.643735885620117	0.5677781105041504	4.156055927276611	-5.118481636047363	0.8078252077102661
-4.776950836181641	-3.2790677547454834	0.3545413315296173	2.0142242908477783	2.619382619857788	2.6428208351135254	0.5775250792503357	4.164663791656494	-5.102582931518555	0.8027163147926331
-4.770613193511963	-3.258490562438965	0.3537836968898773	2.008293867111206	2.624361038208008	2.6436781883239746	0.5662336945533752	4.15606164932251	-5.114327430725098	0.8082802891731262
-4.782079219818115	-3.279752492904663	0.3554401397705078	2.0177502632141113	2.623309850692749	2.645826816558838	0.5766759514808655	4.1690545082092285	-5.106377601623535	0.7974332571029663
-4.770699501037598	-3.260666608810425	0.3538329005241394	2.0101239681243896	2.626147985458374	2.6464343070983887	0.5668919682502747	4.158504962921143	-5.12303352355957	0.8097330331802368
-4.7832159996032715	-3.2823708057403564	0.35562199354171753	2.017878770828247	2.6265740394592285	2.6483864784240723	0.5843573212623596	4.168943881988525	-5.109066963195801	0.7901721000671387
-4.770055294036865	-3.261023759841919	0.3513374328613281	2.0103492736816406	2.6266982555389404	2.6458797454833984	0.5605764985084534	4.159077167510986	-5.117997169494629	0.8124244809150696
-4.781888484954834	-3.279529094696045	0.35617175698280334	2.015225887298584	2.6234166622161865	2.6462435722351074	0.5841441750526428	4.166843891143799	-5.108759880065918	0.7954075336456299
-4.769161224365234	-3.2679011821746826	0.35361120104789734	2.0105552673339844	2.628446340560913	2.6459598541259766	0.5660795569419861	4.159472942352295	-5.118690490722656	0.8088955879211426
-4.783444881439209	-3.279423475265503	0.35685017704963684	2.0163910388946533	2.622614860534668	2.6462655067443848	0.5827587246894836	4.168276786804199	-5.106468200683594	0.7934554219245911
-4.7682719230651855	-3.267803907394409	0.35384687781333923	2.0104072093963623	2.628680467605591	2.6457815170288086	0.5660408139228821	4.159159183502197	-5.118931770324707	0.8083581924438477
-4.783339500427246	-3.2801012992858887	0.35690996050834656	2.0165791511535645	2.623692035675049	2.6461801528930664	0.5832163095474243	4.16846227645874	-5.1068267822265625	0.7925068736076355
-4.767364025115967	-3.2676942348480225	0.3541796803474426	2.0099735260009766	2.6274309158325195	2.644664764404297	0.5659661293029785	4.159114360809326	-5.118221282958984	0.8092166185379028
-4.7858757972717285	-3.2790865898132324	0.35805678367614746	2.016209602355957	2.621518135070801	2.6467952728271484	0.5745015740394592	4.168545246124268	-5.105690002441406	0.8023094534873962
-4.770869731903076	-3.274658679962158	0.3556886315345764	2.014364004135132	2.6307997703552246	2.6482553482055664	0.566064178943634	4.164764881134033	-5.116037368774414	0.7989027500152588
-4.7813873291015625	-3.272977590560913	0.35433369874954224	2.0148770809173584	2.6267895698547363	2.642319679260254	0.5819222331047058	4.166916847229004	-5.113409996032715	0.7978931069374084
-4.77038049697876	-3.2675321102142334	0.35421502590179443	2.0111074447631836	2.6292927265167236	2.6443681716918945	0.5692638158798218	4.160331726074219	-5.12176513671875	0.8083682656288147
-4.778750896453857	-3.2813730239868164	0.35732322931289673	2.0150651931762695	2.6245837211608887	2.646707534790039	0.5836789011955261	4.166226387023926	-5.109007835388184	0.7928186058998108
-4.765899658203125	-3.269904851913452	0.35392647981643677	2.0103631019592285	2.6273107528686523	2.6461915969848633	0.5637306571006775	4.159404277801514	-5.117710113525391	0.8098545670509338
-4.780781269073486	-3.2836358547210693	0.3589060306549072	2.0169432163238525	2.631202459335327	2.6489853858947754	0.5881252884864807	4.167015552520752	-5.112143516540527	0.78265780210495
-4.76619815826416	-3.269360065460205	0.35520169138908386	2.010974407196045	2.6296346187591553	2.645988941192627	0.5656077265739441	4.159536838531494	-5.123022079467773	0.808904767036438
-4.77832555770874	-3.2832424640655518	0.3578072190284729	2.0169341564178467	2.626917600631714	2.646162509918213	0.582211434841156	4.168387413024902	-5.110770225524902	0.7911944389343262
-4.76923131942749	-3.263859510421753	0.3521549701690674	2.010319709777832	2.6274607181549072	2.646007537841797	0.562288224697113	4.159146308898926	-5.121796607971191	0.8147786259651184
-4.783547401428223	-3.2761337757110596	0.3534916639328003	2.0167551040649414	2.6268317699432373	2.647866725921631	0.5824262499809265	4.167083263397217	-5.107120513916016	0.7896206378936768
-4.769259929656982	-3.2638165950775146	0.3525794744491577	2.0108959674835205	2.6288533210754395	2.6450858116149902	0.5628213286399841	4.159998416900635	-5.122888565063477	0.8130024075508118
-4.78274393081665	-3.279649019241333	0.35517019033432007	2.016068935394287	2.620743751525879	2.647475242614746	0.5727352499961853	4.167933940887451	-5.104920387268066	0.8044639825820923
-4.769280910491943	-3.2726900577545166	0.3560433089733124	2.013671398162842	2.6324238777160645	2.650127410888672	0.5675737261772156	4.162390232086182	-5.125995635986328	0.8030108213424683
-4.782474040985107	-3.2743208408355713	0.3560399115085602	2.0138819217681885	2.6185379028320312	2.64371395111084	0.5730392932891846	4.165308475494385	-5.108119010925293	0.8116693496704102
-4.770377159118652	-3.272642135620117	0.3560439646244049	2.0142762660980225	2.633028507232666	2.6498351097106934	0.5688340067863464	4.16323184967041	-5.12645149230957	0.8014965057373047
-4.783939838409424	-3.2738115787506104	0.35558491945266724	2.014348268508911	2.6191534996032715	2.6447887420654297	0.5738340020179749	4.165721416473389	-5.108630180358887	0.8102284073829651
-4.769725322723389	-3.27445912361145	0.3561456799507141	2.014427900314331	2.6334681510925293	2.650447368621826	0.5685186982154846	4.163383483886719	-5.126015663146973	0.8010873794555664
-4.778209209442139	-3.2766315937042236	0.3556365370750427	2.0143089294433594	2.6239941120147705	2.6411213874816895	0.580847442150116	4.166373252868652	-5.110074996948242	0.7999085187911987
-4.767428874969482	-3.2709527015686035	0.3539624810218811	2.012653350830078	2.6312897205352783	2.6480536460876465	0.5689489245414734	4.16192102432251	-5.12606143951416	0.8048866391181946
-4.782137393951416	-3.275500535964966	0.35451847314834595	2.014864683151245	2.6240897178649902	2.6432414054870605	0.5818341970443726	4.166572093963623	-5.1067399978637695	0.7965335249900818
-4.770298480987549	-3.2692363262176514	0.35526543855667114	2.0126283168792725	2.6328978538513184	2.647604465484619	0.5712777376174927	4.161626815795898	-5.1291303634643555	0.8046407103538513
-4.782636642456055	-3.285104751586914	0.3536236584186554	2.0186567306518555	2.6269378662109375	2.6446385383605957	0.5801813006401062	4.171428203582764	-5.107672691345215	0.7972323298454285
-4.76763391494751	-3.2635786533355713	0.35519057512283325	2.0093460083007812	2.628249168395996	2.6413865089416504	0.5663138031959534	4.158562183380127	-5.123685836791992	0.8131198883056641
-4.785819053649902	-3.2859959602355957	0.35398349165916443	2.0207042694091797	2.627441883087158	2.6436891555786133	0.5778069496154785	4.174779415130615	-5.109136581420898	0.7998417019844055
-4.777645111083984	-3.2608187198638916	0.3553210198879242	2.01247239112854	2.632011890411377	2.64371919631958	0.5681365132331848	4.161886692047119	-5.131565093994141	0.8137663006782532
-4.785494804382324	-3.276081085205078	0.3515044152736664	2.0185365676879883	2.6294095516204834	2.6435794830322266	0.5768283009529114	4.17264461517334	-5.114266395568848	0.8006308078765869
-4.784300804138184	-3.251600503921509	0.3516841530799866	2.0117428302764893	2.6316745281219482	2.642085552215576	0.5731104016304016	4.162342071533203	-5.128231048583984	0.8087726831436157
-4.790985584259033	-3.280223846435547	0.3497043550014496	2.0221312046051025	2.6315183639526367	2.649068832397461	0.5716342926025391	4.177347660064697	-5.115506172180176	0.8026133179664612
-4.780559062957764	-3.253033399581909	0.3495159149169922	2.0114450454711914	2.628417491912842	2.6433162689208984	0.5583389401435852	4.164069175720215	-5.125097274780273	0.8208678960800171
-4.797459602355957	-3.2750775814056396	0.3505484163761139	2.0233731269836426	2.632275104522705	2.648824691772461	0.5679605603218079	4.180405139923096	-5.118472099304199	0.804936945438385
-4.774112224578857	-3.2518885135650635	0.34741124510765076	2.0109283924102783	2.626796245574951	2.643066883087158	0.5515268445014954	4.1638407707214355	-5.123443603515625	0.8231496810913086
-4.800355434417725	-3.273801565170288	0.3486575484275818	2.0239009857177734	2.6308434009552	2.6498403549194336	0.5680528283119202	4.18069314956665	-5.1161346435546875	0.8056180477142334
-4.776927471160889	-3.2466535568237305	0.34350043535232544	2.0098328590393066	2.6248302459716797	2.6429667472839355	0.5532973408699036	4.162476539611816	-5.12148380279541	0.8254355192184448
-4.8026018142700195	-3.273540496826172	0.34881240129470825	2.024582624435425	2.632534980773926	2.649829864501953	0.5688633322715759	4.181578159332275	-5.1170654296875	0.804325520992279
-4.779923439025879	-3.243391275405884	0.34302687644958496	2.0094614028930664	2.6240158081054688	2.6435608863830566	0.5533427596092224	4.162087440490723	-5.122262001037598	0.8273579478263855
-4.8000311851501465	-3.277911424636841	0.34800708293914795	2.025089979171753	2.6352391242980957	2.6514205932617188	0.5757508873939514	4.181702136993408	-5.119508743286133	0.7975576519966125
-4.79348611831665	-3.2513082027435303	0.3479444980621338	2.0111193656921387	2.6203789710998535	2.643247127532959	0.5594568848609924	4.164535999298096	-5.110563278198242	0.8259581923484802
-4.798156261444092	-3.28010892868042	0.34598082304000854	2.025118589401245	2.6357622146606445	2.6552834510803223	0.5730461478233337	4.1801347732543945	-5.120482444763184	0.800738513469696
-4.794182300567627	-3.259679079055786	0.3504417836666107	2.013601541519165	2.624316930770874	2.644595146179199	0.5641661286354065	4.167060852050781	-5.114087104797363	0.8210588693618774
-4.802140712738037	-3.281459093093872	0.34865134954452515	2.0258569717407227	2.635848045349121	2.6570639610290527	0.5766217112541199	4.181219577789307	-5.124996185302734	0.8006569147109985
-4.789150714874268	-3.256401538848877	0.34581297636032104	2.010913848876953	2.619964599609375	2.644871711730957	0.5540003180503845	4.165546894073486	-5.107061386108398	0.8287841081619263
-4.798050403594971	-3.2825024127960205	0.34824568033218384	2.0250329971313477	2.63291072845459	2.6547932624816895	0.5670483708381653	4.181768894195557	-5.117191314697266	0.8052618503570557
-4.800011157989502	-3.252588987350464	0.34449106454849243	2.0117850303649902	2.6193532943725586	2.646167278289795	0.5606475472450256	4.165586471557617	-5.108942031860352	0.8308023810386658
-4.8021368980407715	-3.2717549800872803	0.3439006805419922	2.023404121398926	2.631439208984375	2.6521167755126953	0.5635058283805847	4.1798553466796875	-5.118533134460449	0.8155227899551392
-4.797964572906494	-3.247307538986206	0.3432084321975708	2.0098812580108643	2.617149829864502	2.6447086334228516	0.5547608733177185	4.164068698883057	-5.107665061950684	0.8364445567131042
-4.801354885101318	-3.27160382270813	0.34514957666397095	2.021470785140991	2.628673553466797	2.6527719497680664	0.5652371048927307	4.178548812866211	-5.1178083419799805	0.8162297010421753
-4.792383670806885	-3.2470152378082275	0.3444859981536865	2.0083179473876953	2.6137161254882812	2.643949508666992	0.5456355214118958	4.16254186630249	-5.101762771606445	0.8397912979125977
-4.800490856170654	-3.275545358657837	0.3457869291305542	2.0225043296813965	2.6284561157226562	2.6542043685913086	0.5633825659751892	4.179378986358643	-5.11435604095459	0.8139944672584534
-4.796423435211182	-3.245358467102051	0.3436938524246216	2.008711099624634	2.6152679920196533	2.6436619758605957	0.5500885844230652	4.163119792938232	-5.105916976928711	0.840441107749939
-4.807896614074707	-3.2752692699432373	0.3459973931312561	2.024592399597168	2.631256341934204	2.655771255493164	0.5697880387306213	4.180548667907715	-5.1198835372924805	0.8124210834503174
-4.792279243469238	-3.247227907180786	0.3436478078365326	2.008485794067383	2.6151647567749023	2.6438770294189453	0.5470383763313293	4.162895679473877	-5.104489326477051	0.8401668071746826
-4.805222988128662	-3.273622989654541	0.34577804803848267	2.0240581035614014	2.629925489425659	2.6542739868164062	0.5630930066108704	4.180378437042236	-5.1177978515625	0.816460132598877
-4.794243812561035	-3.2451255321502686	0.3433190584182739	2.007758855819702	2.6145143508911133	2.642620086669922	0.5487950444221497	4.161992073059082	-5.104269027709961	0.8419175148010254
-4.809463977813721	-3.272962808609009	0.34603506326675415	2.0234148502349854	2.6292896270751953	2.655107021331787	0.5665836930274963	4.179646968841553	-5.116754531860352	0.8164272904396057
-4.794107913970947	-3.2438642978668213	0.34197762608528137	2.0076675415039062	2.6140050888061523	2.643409252166748	0.5448324084281921	4.162193775177002	-5.101871490478516	0.8430355787277222
-4.80681848526001	-3.2744500637054443	0.3488389253616333	2.022914409637451	2.629692316055298	2.6538443565368652	0.5638435482978821	4.179608345031738	-5.115627288818359	0.8154750466346741
-4.7942399978637695	-3.244633674621582	0.34390461444854736	2.0075602531433105	2.612546682357788	2.6442551612854004	0.5442325472831726	4.162128925323486	-5.102598190307617	0.8441215753555298
-4.805129528045654	-3.2743542194366455	0.34893739223480225	2.0225982666015625	2.629079818725586	2.653012752532959	0.5619927048683167	4.179824352264404	-5.114349365234375	0.8157072067260742
-3.961348056793213	-4.399290561676025	2.4529459476470947	4.107789993286133	1.9921801090240479	3.817617416381836	2.8934197425842285	0.9048746824264526	-3.5593416690826416	-4.233208179473877
-3.985409736633301	-4.400979518890381	2.612680673599243	3.955685615539551	2.062162160873413	3.752124309539795	3.0193166732788086	0.7846212983131409	-3.6336727142333984	-4.151182651519775
-3.9358816146850586	-4.5166192054748535	2.753603458404541	3.8323636054992676	2.155864715576172	3.717526435852051	3.137775182723999	0.6700084805488586	-3.7492716312408447	-4.050248146057129
-4.027667045593262	-4.514557361602783	2.8935322761535645	3.7353289127349854	2.226119041442871	3.692312717437744	3.2853827476501465	0.5086180567741394	-3.8360536098480225	-3.948040008544922
-4.144416332244873	-4.514784336090088	3.0104706287384033	3.629394769668579	2.2808892726898193	3.656403064727783	3.4231820106506348	0.3930354118347168	-3.9012181758880615	-3.8180863857269287
-4.198944568634033	-4.481696128845215	3.0281426906585693	3.6209449768066406	2.268195152282715	3.648231029510498	3.442044973373413	0.34439823031425476	-3.832346200942993	-3.824100971221924
-4.22963285446167	-4.459565162658691	3.048574686050415	3.610288143157959	2.262321949005127	3.6345572471618652	3.455399513244629	0.29500237107276917	-3.803144693374634	-3.7989437580108643
-4.256741523742676	-4.453333854675293	3.052340030670166	3.6018309593200684	2.255582332611084	3.6286659240722656	3.452712059020996	0.29076501727104187	-3.7598373889923096	-3.797137975692749
-4.276517391204834	-4.459285259246826	3.0727808475494385	3.6032497882843018	2.2618753910064697	3.62847900390625	3.4673349857330322	0.27025097608566284	-3.7541470527648926	-3.7991762161254883
-4.2515740394592285	-4.475831508636475	3.079566240310669	3.6026878356933594	2.264592409133911	3.6291260719299316	3.4655089378356934	0.27270933985710144	-3.7499613761901855	-3.821986675262451
-4.270371913909912	-4.462378025054932	3.0805795192718506	3.596933126449585	2.2612264156341553	3.6228179931640625	3.4654693603515625	0.26126953959465027	-3.741802930831909	-3.798922538757324
-4.256918907165527	-4.471547603607178	3.0873820781707764	3.598968505859375	2.2636795043945312	3.6241002082824707	3.4686546325683594	0.27834194898605347	-3.761225938796997	-3.8165969848632812
-4.271324157714844	-4.460229396820068	3.0906355381011963	3.6000962257385254	2.2608113288879395	3.62333345413208	3.47821307182312	0.26383519172668457	-3.765153169631958	-3.8053691387176514
-4.263105869293213	-4.461845397949219	3.09252667427063	3.599929094314575	2.265631675720215	3.6210694313049316	3.479414224624634	0.2682223320007324	-3.769075870513916	-3.81791353225708
-4.25437068939209	-4.472177028656006	3.093165397644043	3.5990376472473145	2.2635953426361084	3.6211886405944824	3.4779157638549805	0.275411456823349	-3.771775722503662	-3.8171417713165283
-4.26052713394165	-4.460204601287842	3.0928943157196045	3.596832752227783	2.2635724544525146	3.6165308952331543	3.4790172576904297	0.26764222979545593	-3.765077590942383	-3.815831184387207
-4.249218463897705	-4.473668098449707	3.0914390087127686	3.5969033241271973	2.2645983695983887	3.6189069747924805	3.4768972396850586	0.27893486618995667	-3.7727980613708496	-3.817152261734009
-4.262186527252197	-4.459177494049072	3.093271493911743	3.5955677032470703	2.264360189437866	3.6134047508239746	3.4794554710388184	0.2697252631187439	-3.7650656700134277	-3.814507484436035
-4.254026412963867	-4.477716445922852	3.0958573818206787	3.6000308990478516	2.2653093338012695	3.618246078491211	3.486936092376709	0.28383669257164	-3.7869293689727783	-3.8166840076446533
-4.249698162078857	-4.461286544799805	3.0931713581085205	3.593696117401123	2.2623231410980225	3.6085376739501953	3.482470750808716	0.26822927594184875	-3.769270420074463	-3.813328266143799
-4.265873432159424	-4.46915864944458	3.0990376472473145	3.600679397583008	2.2671456336975098	3.618391513824463	3.486985445022583	0.2706014811992645	-3.7731237411499023	-3.819828987121582
-4.250306606292725	-4.463377475738525	3.0921616554260254	3.5928452014923096	2.264918804168701	3.608506202697754	3.4802157878875732	0.26630857586860657	-3.767002820968628	-3.8094322681427
-4.2701239585876465	-4.469120502471924	3.0996196269989014	3.6010870933532715	2.268934726715088	3.6172900199890137	3.4892168045043945	0.27090978622436523	-3.7741456031799316	-3.8188066482543945
-4.244004726409912	-4.4631123542785645	3.093257188796997	3.5913915634155273	2.266784191131592	3.6052956581115723	3.479264974594116	0.2667649984359741	-3.768561363220215	-3.812248945236206
-4.265387058258057	-4.463681697845459	3.095876455307007	3.5956430435180664	2.2683663368225098	3.6102986335754395	3.486238479614258	0.2557937204837799	-3.7596828937530518	-3.808624029159546
-4.256195545196533	-4.465386867523193	3.0960638523101807	3.592593193054199	2.2680375576019287	3.6061415672302246	3.4810996055603027	0.262396901845932	-3.759047508239746	-3.810870409011841
-4.268980026245117	-4.466796875	3.095360040664673	3.5960986614227295	2.2695562839508057	3.611340045928955	3.4872424602508545	0.26010066270828247	-3.764791488647461	-3.8042845726013184
-4.260115623474121	-4.458568096160889	3.095017194747925	3.5911314487457275	2.2667834758758545	3.603503704071045	3.4801926612854004	0.25666138529777527	-3.7480082511901855	-3.811767578125
-4.266425132751465	-4.468932628631592	3.0959675312042236	3.596515655517578	2.270066022872925	3.6124792098999023	3.4867658615112305	0.26302337646484375	-3.7669429779052734	-3.8076727390289307
-4.260144233703613	-4.456786155700684	3.0952184200286865	3.590521812438965	2.2655091285705566	3.6031694412231445	3.479045867919922	0.25547605752944946	-3.745255708694458	-3.8119239807128906
-4.264583110809326	-4.467569828033447	3.0958588123321533	3.5951600074768066	2.2689294815063477	3.608748435974121	3.4873194694519043	0.26376649737358093	-3.7644660472869873	-3.8083224296569824
-4.251244068145752	-4.46749210357666	3.098339796066284	3.592050075531006	2.267638683319092	3.6040143966674805	3.480278968811035	0.2610477805137634	-3.754579782485962	-3.81522536277771
-4.259031772613525	-4.468818664550781	3.094745397567749	3.5938076972961426	2.26922607421875	3.6072006225585938	3.485220432281494	0.27018433809280396	-3.7677767276763916	-3.8099188804626465
-4.247512340545654	-4.468942165374756	3.097956895828247	3.591062068939209	2.267943859100342	3.6027626991271973	3.4785749912261963	0.2654834985733032	-3.7548036575317383	-3.8177003860473633
-4.2518510818481445	-4.470057010650635	3.09594464302063	3.5933289527893066	2.2677841186523438	3.606746196746826	3.4841628074645996	0.2677142322063446	-3.7655255794525146	-3.8134114742279053
-4.2442450523376465	-4.46648645401001	3.0970821380615234	3.5897059440612793	2.2684123516082764	3.6007609367370605	3.4770219326019287	0.26444244384765625	-3.7560887336730957	-3.815783977508545
-4.247140407562256	-4.472163677215576	3.097749948501587	3.59340763092041	2.268242120742798	3.6064047813415527	3.4835987091064453	0.26779332756996155	-3.766054153442383	-3.817007064819336
-4.235986709594727	-4.469115257263184	3.0982205867767334	3.5892534255981445	2.2682220935821533	3.599788188934326	3.47644305229187	0.264129102230072	-3.755051374435425	-3.8210837841033936
-4.24726676940918	-4.474427700042725	3.0974507331848145	3.59243106842041	2.2674436569213867	3.6040244102478027	3.4831132888793945	0.2735951542854309	-3.765963315963745	-3.815568208694458
-4.237880706787109	-4.469386577606201	3.097822427749634	3.5900230407714844	2.268253803253174	3.6014404296875	3.477140426635742	0.262508749961853	-3.7552947998046875	-3.8198070526123047
-4.246466159820557	-4.4732666015625	3.0960988998413086	3.5912961959838867	2.2681055068969727	3.603393077850342	3.481499195098877	0.2744309604167938	-3.7654030323028564	-3.81485915184021
-4.243229866027832	-4.471393585205078	3.0986907482147217	3.5909461975097656	2.268221139907837	3.6025729179382324	3.4781229496002197	0.2651241719722748	-3.7552928924560547	-3.818939447402954
-4.244814872741699	-4.475311279296875	3.098615884780884	3.591981887817383	2.2684760093688965	3.6033763885498047	3.482057809829712	0.27106231451034546	-3.762903928756714	-3.817714214324951
-4.234579563140869	-4.470704555511475	3.10015606880188	3.5900352001190186	2.2687952518463135	3.600344657897949	3.4765748977661133	0.26129764318466187	-3.753514051437378	-3.823587417602539
-4.247766017913818	-4.474472522735596	3.0965323448181152	3.5910654067993164	2.2678229808807373	3.602933883666992	3.4810638427734375	0.2741982042789459	-3.761263847351074	-3.8152878284454346
-4.238379001617432	-4.464085102081299	3.097172975540161	3.5878257751464844	2.266723155975342	3.5975680351257324	3.4752864837646484	0.26328936219215393	-3.750605583190918	-3.819979667663574
-4.244832515716553	-4.4753313064575195	3.0993850231170654	3.592543363571167	2.2693676948547363	3.603343963623047	3.4825196266174316	0.2682137191295624	-3.7619974613189697	-3.8183846473693848
-4.234765529632568	-4.4740309715271	3.1018950939178467	3.591176748275757	2.2704968452453613	3.601212978363037	3.4776971340179443	0.26101985573768616	-3.7555594444274902	-3.8243250846862793
-4.24463415145874	-4.476841926574707	3.098106622695923	3.5916361808776855	2.268437623977661	3.603555202484131	3.480954885482788	0.27473604679107666	-3.7640433311462402	-3.8170807361602783
-4.2361931800842285	-4.466843605041504	3.098761796951294	3.588501214981079	2.267035484313965	3.5984301567077637	3.4751672744750977	0.26396021246910095	-3.752196788787842	-3.821805000305176
-4.245319843292236	-4.472240924835205	3.097228765487671	3.5914340019226074	2.2694897651672363	3.6030969619750977	3.480769157409668	0.26846081018447876	-3.7610511779785156	-3.8170437812805176
-4.233370780944824	-4.471992015838623	3.101641893386841	3.5909204483032227	2.269345283508301	3.600935935974121	3.477891683578491	0.25972697138786316	-3.7550368309020996	-3.8252460956573486
-4.247408390045166	-4.47580099105835	3.0976831912994385	3.5916810035705566	2.268662929534912	3.6035871505737305	3.4813873767852783	0.27399712800979614	-3.762878894805908	-3.816082239151001
-4.234887599945068	-4.471602439880371	3.0997331142425537	3.5895354747772217	2.2685494422912598	3.599989891052246	3.475522756576538	0.26357874274253845	-3.753082752227783	-3.8225185871124268
-4.248323917388916	-4.474734306335449	3.0999858379364014	3.5929529666900635	2.269282341003418	3.6028223037719727	3.483448028564453	0.27110207080841064	-3.7638089656829834	-3.817897319793701
-4.238669395446777	-4.472625255584717	3.101030111312866	3.591022491455078	2.269373893737793	3.601789951324463	3.477509021759033	0.26017922163009644	-3.753826379776001	-3.8209660053253174
-4.243680000305176	-4.475322723388672	3.098806619644165	3.5915687084198	2.2690324783325195	3.6023049354553223	3.481612205505371	0.27187275886535645	-3.7638516426086426	-3.817516565322876
-4.235879898071289	-4.470587730407715	3.1007964611053467	3.5905508995056152	2.2683629989624023	3.6008944511413574	3.477231502532959	0.25960248708724976	-3.755617141723633	-3.8205385208129883
-4.245749473571777	-4.474987030029297	3.0992109775543213	3.5921874046325684	2.2688517570495605	3.602537155151367	3.4825439453125	0.27154770493507385	-3.7638399600982666	-3.817476987838745
-4.236545562744141	-4.46737813949585	3.100027561187744	3.589930534362793	2.267404079437256	3.6000237464904785	3.477208375930786	0.2585621178150177	-3.7548675537109375	-3.819549560546875
-4.240149021148682	-4.475559234619141	3.1003646850585938	3.5925817489624023	2.269810199737549	3.6026878356933594	3.482793092727661	0.2697632908821106	-3.7674310207366943	-3.820037841796875
-4.2352495193481445	-4.463642597198486	3.0987143516540527	3.5885813236236572	2.266669988632202	3.5981106758117676	3.476308822631836	0.25826820731163025	-3.7513861656188965	-3.8215601444244385
-4.254748821258545	-4.474714756011963	3.1004528999328613	3.5946927070617676	2.269482135772705	3.6064276695251465	3.4843058586120605	0.2658396065235138	-3.7629988193511963	-3.8139069080352783
-4.241241455078125	-4.462673664093018	3.098431348800659	3.5884311199188232	2.265759229660034	3.5981850624084473	3.476454257965088	0.25841933488845825	-3.747499942779541	-3.8194475173950195
-4.2407026290893555	-4.479811668395996	3.1019320487976074	3.5943260192871094	2.2697179317474365	3.6044363975524902	3.4848554134368896	0.2704780697822571	-3.7689945697784424	-3.82140851020813
-4.23460054397583	-4.463244915008545	3.0967509746551514	3.587808847427368	2.2655365467071533	3.5974574089050293	3.4768152236938477	0.2592203617095947	-3.7526767253875732	-3.8182528018951416
-4.245395183563232	-4.476111888885498	3.09639048576355	3.5922799110412598	2.267850875854492	3.604342460632324	3.4830570220947266	0.26844823360443115	-3.765716552734375	-3.8103179931640625
-4.234119892120361	-4.46514368057251	3.0961148738861084	3.5885627269744873	2.266040325164795	3.5985116958618164	3.4781699180603027	0.2566409707069397	-3.75388765335083	-3.816072463989258
-4.243008613586426	-4.475704193115234	3.097755193710327	3.592270851135254	2.2681164741516113	3.602738380432129	3.483926296234131	0.2677189111709595	-3.76505184173584	-3.8139359951019287
-4.2358174324035645	-4.467316627502441	3.0963828563690186	3.588672637939453	2.2655391693115234	3.598900318145752	3.4781012535095215	0.2590218782424927	-3.753859758377075	-3.814805746078491
-4.23989200592041	-4.4764556884765625	3.095080614089966	3.5905168056488037	2.2686190605163574	3.602320671081543	3.481189727783203	0.2717353105545044	-3.765094041824341	-3.8131985664367676
-4.236838340759277	-4.463809013366699	3.0943808555603027	3.5864720344543457	2.264889717102051	3.5959019660949707	3.476228952407837	0.2602255344390869	-3.7513647079467773	-3.811271905899048
-4.244204044342041	-4.472794532775879	3.097749948501587	3.592191219329834	2.2685375213623047	3.6022233963012695	3.48441219329834	0.26417163014411926	-3.7650604248046875	-3.812401533126831
-4.234670162200928	-4.465308666229248	3.096815824508667	3.588480234146118	2.2652018070220947	3.5985045433044434	3.477848529815674	0.256557434797287	-3.7541918754577637	-3.814420700073242
-4.235880374908447	-4.475249290466309	3.0983612537384033	3.592104911804199	2.268714427947998	3.602041721343994	3.4830222129821777	0.26807132363319397	-3.7703022956848145	-3.8160595893859863
-4.233918190002441	-4.465781211853027	3.0959503650665283	3.587563991546631	2.2647621631622314	3.597203254699707	3.476954460144043	0.2601757049560547	-3.7544596195220947	-3.8136329650878906
-4.236954212188721	-4.473008632659912	3.0979223251342773	3.591613292694092	2.267760753631592	3.6017141342163086	3.482661247253418	0.26523324847221375	-3.766231060028076	-3.8158867359161377
-4.233287334442139	-4.469573974609375	3.0974724292755127	3.5892446041107178	2.266300916671753	3.5997657775878906	3.4778263568878174	0.25917190313339233	-3.755720853805542	-3.8163821697235107
-4.233555316925049	-4.475582599639893	3.0981040000915527	3.591177463531494	2.2695298194885254	3.6008100509643555	3.4818191528320312	0.2641320824623108	-3.762322425842285	-3.8192951679229736
-4.223328113555908	-4.467729568481445	3.0949559211730957	3.584578514099121	2.2654433250427246	3.591899871826172	3.474721670150757	0.25777438282966614	-3.749882698059082	-3.8136332035064697
-4.2319416999816895	-4.478241920471191	3.105215311050415	3.594261646270752	2.269728660583496	3.6019392013549805	3.4846653938293457	0.2645438611507416	-3.7666397094726562	-3.8287038803100586
-4.213613986968994	-4.466421604156494	3.096205711364746	3.5828604698181152	2.263979911804199	3.5872626304626465	3.473667621612549	0.2609883248806	-3.750622272491455	-3.819512128829956
-4.239558219909668	-4.47519063949585	3.1047966480255127	3.595609188079834	2.2671942710876465	3.6033201217651367	3.4882688522338867	0.26410582661628723	-3.767261266708374	-3.8264501094818115
-4.214964389801025	-4.469151496887207	3.094464063644409	3.582855463027954	2.2635247707366943	3.589367389678955	3.472946882247925	0.2608722150325775	-3.750211000442505	-3.814908504486084
-4.225828647613525	-4.4752116203308105	3.100862503051758	3.5898656845092773	2.2679929733276367	3.598480701446533	3.4791247844696045	0.26654818654060364	-3.7598021030426025	-3.8272221088409424
-4.217077255249023	-4.464319705963135	3.0941669940948486	3.5813863277435303	2.260784387588501	3.5874571800231934	3.4721107482910156	0.2591251730918884	-3.7460572719573975	-3.8127806186676025
-4.22256326675415	-4.476545810699463	3.1020073890686035	3.589503765106201	2.265753746032715	3.5975537300109863	3.479224681854248	0.26713094115257263	-3.75954008102417	-3.8277180194854736
-4.213021278381348	-4.464512348175049	3.0934226512908936	3.5802271366119385	2.2590174674987793	3.5865936279296875	3.4699339866638184	0.26134753227233887	-3.7446930408477783	-3.813523530960083
-4.2256550788879395	-4.4753098487854	3.1011173725128174	3.5891995429992676	2.2650742530822754	3.596662998199463	3.4795033931732178	0.27040866017341614	-3.7601706981658936	-3.826021671295166
-4.210289478302002	-4.463062763214111	3.0923588275909424	3.5796117782592773	2.258702278137207	3.5859193801879883	3.46936297416687	0.25968024134635925	-3.7438747882843018	-3.813619375228882
-4.223934650421143	-4.475729465484619	3.1020421981811523	3.5895214080810547	2.265031337738037	3.597015857696533	3.4796254634857178	0.2698421776294708	-3.761275291442871	-3.8273301124572754
-4.213581562042236	-4.463816165924072	3.0920536518096924	3.579913854598999	2.2578630447387695	3.5866026878356934	3.4693503379821777	0.26333093643188477	-3.745352029800415	-3.8115718364715576
-4.219327449798584	-4.48047399520874	3.10089373588562	3.5894875526428223	2.2666385173797607	3.5976099967956543	3.4784340858459473	0.2755540609359741	-3.7644126415252686	-3.8295958042144775
-4.209974765777588	-4.464881896972656	3.09197735786438	3.579273223876953	2.2585349082946777	3.585909366607666	3.4682321548461914	0.26465851068496704	-3.7452259063720703	-3.8137121200561523
-4.220744609832764	-4.478422164916992	3.1019344329833984	3.5896573066711426	2.2660233974456787	3.597384452819824	3.479400157928467	0.2746671736240387	-3.7656497955322266	-3.8294386863708496
-4.209910869598389	-4.464535713195801	3.0915417671203613	3.578974723815918	2.2581183910369873	3.585803508758545	3.4677367210388184	0.26491644978523254	-3.74458384513855	-3.8132715225219727
-4.220174789428711	-4.476060390472412	3.101346492767334	3.5885167121887207	2.264730453491211	3.595828056335449	3.4781272411346436	0.2751109302043915	-3.765286684036255	-3.827327251434326
-4.2127814292907715	-4.464056491851807	3.090806245803833	3.5788846015930176	2.2572736740112305	3.585388660430908	3.4682199954986572	0.26799410581588745	-3.7462306022644043	-3.8107059001922607
-4.219356060028076	-4.480466365814209	3.1017446517944336	3.590224266052246	2.267223358154297	3.5991764068603516	3.4787542819976807	0.27322229743003845	-3.7640891075134277	-3.8316256999969482
-4.207027912139893	-4.465152263641357	3.0912911891937256	3.5783801078796387	2.2581419944763184	3.584354877471924	3.4678077697753906	0.2672816514968872	-3.746549129486084	-3.8137402534484863
-4.219944000244141	-4.472485065460205	3.101069688796997	3.5878653526306152	2.26387619972229	3.594789505004883	3.477989673614502	0.27295011281967163	-3.763826847076416	-3.8274757862091064
