model	image_id	step	true_label	pred	prob_true	margin	loss	linf	attack
clean	cat_0	0	cat	cat	0.9979	6.2783	0.0021	0.00000	pgd_eps=0.03137254901960784_alpha=0.00784313725490196_steps=100_rs=0
clean	cat_0	1	cat	dog	0.0060	-5.1154	5.1217	0.00784	pgd_eps=0.03137254901960784_alpha=0.00784313725490196_steps=100_rs=0
clean	cat_0	2	cat	dog	0.0000	-13.1895	13.1895	0.01569	pgd_eps=0.03137254901960784_alpha=0.00784313725490196_steps=100_rs=0
clean	cat_0	3	cat	dog	0.0000	-18.7804	18.7804	0.02353	pgd_eps=0.03137254901960784_alpha=0.00784313725490196_steps=100_rs=0
clean	cat_0	4	cat	dog	0.0000	-23.1678	23.1678	0.03137	pgd_eps=0.03137254901960784_alpha=0.00784313725490196_steps=100_rs=0
clean	cat_0	5	cat	dog	0.0000	-25.5149	25.5149	0.03137	pgd_eps=0.03137254901960784_alpha=0.00784313725490196_steps=100_rs=0
clean	cat_0	6	cat	dog	0.0000	-27.2450	27.2450	0.03137	pgd_eps=0.03137254901960784_alpha=0.00784313725490196_steps=100_rs=0
clean	cat_0	7	cat	dog	0.0000	-28.0191	28.0191	0.03137	pgd_eps=0.03137254901960784_alpha=0.00784313725490196_steps=100_rs=0
clean	cat_0	8	cat	dog	0.0000	-29.2041	29.2041	0.03137	pgd_eps=0.03137254901960784_alpha=0.00784313725490196_steps=100_rs=0
clean	cat_0	9	cat	dog	0.0000	-29.3451	29.3451	0.03137	pgd_eps=0.03137254901960784_alpha=0.00784313725490196_steps=100_rs=0
clean	cat_0	10	cat	dog	0.0000	-30.1588	30.1588	0.03137	pgd_eps=0.03137254901960784_alpha=0.00784313725490196_steps=100_rs=0
clean	cat_0	11	cat	dog	0.0000	-30.5855	30.5855	0.03137	pgd_eps=0.03137254901960784_alpha=0.00784313725490196_steps=100_rs=0
clean	cat_0	12	cat	dog	0.0000	-30.9345	30.9345	0.03137	pgd_eps=0.03137254901960784_alpha=0.00784313725490196_steps=100_rs=0
clean	cat_0	13	cat	dog	0.0000	-30.8055	30.8055	0.03137	pgd_eps=0.03137254901960784_alpha=0.00784313725490196_steps=100_rs=0
clean	cat_0	14	cat	dog	0.0000	-31.8273	31.8273	0.03137	pgd_eps=0.03137254901960784_alpha=0.00784313725490196_steps=100_rs=0
clean	cat_0	15	cat	dog	0.0000	-31.4776	31.4776	0.03137	pgd_eps=0.03137254901960784_alpha=0.00784313725490196_steps=100_rs=0
clean	cat_0	16	cat	dog	0.0000	-32.6703	32.6703	0.03137	pgd_eps=0.03137254901960784_alpha=0.00784313725490196_steps=100_rs=0
clean	cat_0	17	cat	dog	0.0000	-32.2822	32.2822	0.03137	pgd_eps=0.03137254901960784_alpha=0.00784313725490196_steps=100_rs=0
clean	cat_0	18	cat	dog	0.0000	-33.1858	33.1858	0.03137	pgd_eps=0.03137254901960784_alpha=0.00784313725490196_steps=100_rs=0
clean	cat_0	19	cat	dog	0.0000	-32.9859	32.9859	0.03137	pgd_eps=0.03137254901960784_alpha=0.00784313725490196_steps=100_rs=0
clean	cat_0	20	cat	dog	0.0000	-33.1779	33.1779	0.03137	pgd_eps=0.03137254901960784_alpha=0.00784313725490196_steps=100_rs=0
clean	cat_0	21	cat	dog	0.0000	-33.4138	33.4138	0.03137	pgd_eps=0.03137254901960784_alpha=0.00784313725490196_steps=100_rs=0
clean	cat_0	22	cat	dog	0.0000	-33.6415	33.6415	0.03137	pgd_eps=0.03137254901960784_alpha=0.00784313725490196_steps=100_rs=0
clean	cat_0	23	cat	dog	0.0000	-33.3514	33.3514	0.03137	pgd_eps=0.03137254901960784_alpha=0.00784313725490196_steps=100_rs=0
clean	cat_0	24	cat	dog	0.0000	-33.6046	33.6046	0.03137	pgd_eps=0.03137254901960784_alpha=0.00784313725490196_steps=100_rs=0
clean	cat_0	25	cat	dog	0.0000	-33.2924	33.2924	0.03137	pgd_eps=0.03137254901960784_alpha=0.00784313725490196_steps=100_rs=0
clean	cat_0	26	cat	dog	0.0000	-34.0923	34.0923	0.03137	pgd_eps=0.03137254901960784_alpha=0.00784313725490196_steps=100_rs=0
clean	cat_0	27	cat	dog	0.0000	-33.6352	33.6352	0.03137	pgd_eps=0.03137254901960784_alpha=0.00784313725490196_steps=100_rs=0
clean	cat_0	28	cat	dog	0.0000	-34.2806	34.2806	0.03137	pgd_eps=0.03137254901960784_alpha=0.00784313725490196_steps=100_rs=0
clean	cat_0	29	cat	dog	0.0000	-33.9197	33.9197	0.03137	pgd_eps=0.03137254901960784_alpha=0.00784313725490196_steps=100_rs=0
clean	cat_0	30	cat	dog	0.0000	-34.5732	34.5732	0.03137	pgd_eps=0.03137254901960784_alpha=0.00784313725490196_steps=100_rs=0
clean	cat_0	31	cat	dog	0.0000	-33.9543	33.9543	0.03137	pgd_eps=0.03137254901960784_alpha=0.00784313725490196_steps=100_rs=0
clean	cat_0	32	cat	dog	0.0000	-34.6544	34.6544	0.03137	pgd_eps=0.03137254901960784_alpha=0.00784313725490196_steps=100_rs=0
clean	cat_0	33	cat	dog	0.0000	-34.7932	34.7932	0.03137	pgd_eps=0.03137254901960784_alpha=0.00784313725490196_steps=100_rs=0
clean	cat_0	34	cat	dog	0.0000	-35.0615	35.0615	0.03137	pgd_eps=0.03137254901960784_alpha=0.00784313725490196_steps=100_rs=0
clean	cat_0	35	cat	dog	0.0000	-34.2085	34.2085	0.03137	pgd_eps=0.03137254901960784_alpha=0.00784313725490196_steps=100_rs=0
clean	cat_0	36	cat	dog	0.0000	-35.1596	35.1596	0.03137	pgd_eps=0.03137254901960784_alpha=0.00784313725490196_steps=100_rs=0
clean	cat_0	37	cat	dog	0.0000	-34.7166	34.7166	0.03137	pgd_eps=0.03137254901960784_alpha=0.00784313725490196_steps=100_rs=0
clean	cat_0	38	cat	dog	0.0000	-35.1770	35.1770	0.03137	pgd_eps=0.03137254901960784_alpha=0.00784313725490196_steps=100_rs=0
clean	cat_0	39	cat	dog	0.0000	-34.3289	34.3289	0.03137	pgd_eps=0.03137254901960784_alpha=0.00784313725490196_steps=100_rs=0
clean	cat_0	40	cat	dog	0.0000	-35.6635	35.6635	0.03137	pgd_eps=0.03137254901960784_alpha=0.00784313725490196_steps=100_rs=0
clean	cat_0	41	cat	dog	0.0000	-34.5146	34.5146	0.03137	pgd_eps=0.03137254901960784_alpha=0.00784313725490196_steps=100_rs=0
clean	cat_0	42	cat	dog	0.0000	-35.6019	35.6019	0.03137	pgd_eps=0.03137254901960784_alpha=0.00784313725490196_steps=100_rs=0
clean	cat_0	43	cat	dog	0.0000	-34.6475	34.6475	0.03137	pgd_eps=0.03137254901960784_alpha=0.00784313725490196_steps=100_rs=0
clean	cat_0	44	cat	dog	0.0000	-35.3302	35.3302	0.03137	pgd_eps=0.03137254901960784_alpha=0.00784313725490196_steps=100_rs=0
clean	cat_0	45	cat	dog	0.0000	-35.4721	35.4721	0.03137	pgd_eps=0.03137254901960784_alpha=0.00784313725490196_steps=100_rs=0
clean	cat_0	46	cat	dog	0.0000	-35.4540	35.4540	0.03137	pgd_eps=0.03137254901960784_alpha=0.00784313725490196_steps=100_rs=0
clean	cat_0	47	cat	dog	0.0000	-34.9984	34.9984	0.03137	pgd_eps=0.03137254901960784_alpha=0.00784313725490196_steps=100_rs=0
clean	cat_0	48	cat	dog	0.0000	-35.5341	35.5341	0.03137	pgd_eps=0.03137254901960784_alpha=0.00784313725490196_steps=100_rs=0
clean	cat_0	49	cat	dog	0.0000	-34.7135	34.7135	0.03137	pgd_eps=0.03137254901960784_alpha=0.00784313725490196_steps=100_rs=0
clean	cat_0	50	cat	dog	0.0000	-35.5865	35.5865	0.03137	pgd_eps=0.03137254901960784_alpha=0.00784313725490196_steps=100_rs=0
clean	cat_0	51	cat	dog	0.0000	-34.9293	34.9293	0.03137	pgd_eps=0.03137254901960784_alpha=0.00784313725490196_steps=100_rs=0
clean	cat_0	52	cat	dog	0.0000	-35.8269	35.8269	0.03137	pgd_eps=0.03137254901960784_alpha=0.00784313725490196_steps=100_rs=0
clean	cat_0	53	cat	dog	0.0000	-34.9622	34.9622	0.03137	pgd_eps=0.03137254901960784_alpha=0.00784313725490196_steps=100_rs=0
clean	cat_0	54	cat	dog	0.0000	-35.9876	35.9876	0.03137	pgd_eps=0.03137254901960784_alpha=0.00784313725490196_steps=100_rs=0
clean	cat_0	55	cat	dog	0.0000	-34.9001	34.9001	0.03137	pgd_eps=0.03137254901960784_alpha=0.00784313725490196_steps=100_rs=0
clean	cat_0	56	cat	dog	0.0000	-36.0635	36.0635	0.03137	pgd_eps=0.03137254901960784_alpha=0.00784313725490196_steps=100_rs=0
clean	cat_0	57	cat	dog	0.0000	-34.9010	34.9010	0.03137	pgd_eps=0.03137254901960784_alpha=0.00784313725490196_steps=100_rs=0
clean	cat_0	58	cat	dog	0.0000	-35.8349	35.8349	0.03137	pgd_eps=0.03137254901960784_alpha=0.00784313725490196_steps=100_rs=0
clean	cat_0	59	cat	dog	0.0000	-34.9358	34.9358	0.03137	pgd_eps=0.03137254901960784_alpha=0.00784313725490196_steps=100_rs=0
clean	cat_0	60	cat	dog	0.0000	-36.0585	36.0585	0.03137	pgd_eps=0.03137254901960784_alpha=0.00784313725490196_steps=100_rs=0
clean	cat_0	61	cat	dog	0.0000	-35.0750	35.0750	0.03137	pgd_eps=0.03137254901960784_alpha=0.00784313725490196_steps=100_rs=0
clean	cat_0	62	cat	dog	0.0000	-35.9795	35.9795	0.03137	pgd_eps=0.03137254901960784_alpha=0.00784313725490196_steps=100_rs=0
clean	cat_0	63	cat	dog	0.0000	-35.0421	35.0421	0.03137	pgd_eps=0.03137254901960784_alpha=0.00784313725490196_steps=100_rs=0
clean	cat_0	64	cat	dog	0.0000	-35.8681	35.8681	0.03137	pgd_eps=0.03137254901960784_alpha=0.00784313725490196_steps=100_rs=0
clean	cat_0	65	cat	dog	0.0000	-34.9487	34.9487	0.03137	pgd_eps=0.03137254901960784_alpha=0.00784313725490196_steps=100_rs=0
clean	cat_0	66	cat	dog	0.0000	-36.2915	36.2915	0.03137	pgd_eps=0.03137254901960784_alpha=0.00784313725490196_steps=100_rs=0
clean	cat_0	67	cat	dog	0.0000	-35.0700	35.0700	0.03137	pgd_eps=0.03137254901960784_alpha=0.00784313725490196_steps=100_rs=0
clean	cat_0	68	cat	dog	0.0000	-36.0612	36.0612	0.03137	pgd_eps=0.03137254901960784_alpha=0.00784313725490196_steps=100_rs=0
clean	cat_0	69	cat	dog	0.0000	-34.9517	34.9517	0.03137	pgd_eps=0.03137254901960784_alpha=0.00784313725490196_steps=100_rs=0
clean	cat_0	70	cat	dog	0.0000	-35.8206	35.8206	0.03137	pgd_eps=0.03137254901960784_alpha=0.00784313725490196_steps=100_rs=0
clean	cat_0	71	cat	dog	0.0000	-35.2175	35.2175	0.03137	pgd_eps=0.03137254901960784_alpha=0.00784313725490196_steps=100_rs=0
clean	cat_0	72	cat	dog	0.0000	-36.0909	36.0909	0.03137	pgd_eps=0.03137254901960784_alpha=0.00784313725490196_steps=100_rs=0
clean	cat_0	73	cat	dog	0.0000	-35.3914	35.3914	0.03137	pgd_eps=0.03137254901960784_alpha=0.00784313725490196_steps=100_rs=0
clean	cat_0	74	cat	dog	0.0000	-35.9130	35.9130	0.03137	pgd_eps=0.03137254901960784_alpha=0.00784313725490196_steps=100_rs=0
clean	cat_0	75	cat	dog	0.0000	-35.3728	35.3728	0.03137	pgd_eps=0.03137254901960784_alpha=0.00784313725490196_steps=100_rs=0
clean	cat_0	76	cat	dog	0.0000	-35.9019	35.9019	0.03137	pgd_eps=0.03137254901960784_alpha=0.00784313725490196_steps=100_rs=0
clean	cat_0	77	cat	dog	0.0000	-35.1999	35.1999	0.03137	pgd_eps=0.03137254901960784_alpha=0.00784313725490196_steps=100_rs=0
clean	cat_0	78	cat	dog	0.0000	-36.1574	36.1574	0.03137	pgd_eps=0.03137254901960784_alpha=0.00784313725490196_steps=100_rs=0
clean	cat_0	79	cat	dog	0.0000	-35.3579	35.3579	0.03137	pgd_eps=0.03137254901960784_alpha=0.00784313725490196_steps=100_rs=0
clean	cat_0	80	cat	dog	0.0000	-36.4049	36.4049	0.03137	pgd_eps=0.03137254901960784_alpha=0.00784313725490196_steps=100_rs=0
clean	cat_0	81	cat	dog	0.0000	-35.4324	35.4324	0.03137	pgd_eps=0.03137254901960784_alpha=0.00784313725490196_steps=100_rs=0
clean	cat_0	82	cat	dog	0.0000	-36.4607	36.4607	0.03137	pgd_eps=0.03137254901960784_alpha=0.00784313725490196_steps=100_rs=0
clean	cat_0	83	cat	dog	0.0000	-35.3744	35.3744	0.03137	pgd_eps=0.03137254901960784_alpha=0.00784313725490196_steps=100_rs=0
clean	cat_0	84	cat	dog	0.0000	-36.4636	36.4636	0.03137	pgd_eps=0.03137254901960784_alpha=0.00784313725490196_steps=100_rs=0
clean	cat_0	85	cat	dog	0.0000	-35.6623	35.6623	0.03137	pgd_eps=0.03137254901960784_alpha=0.00784313725490196_steps=100_rs=0
clean	cat_0	86	cat	dog	0.0000	-36.4507	36.4507	0.03137	pgd_eps=0.03137254901960784_alpha=0.00784313725490196_steps=100_rs=0
clean	cat_0	87	cat	dog	0.0000	-35.6513	35.6513	0.03137	pgd_eps=0.03137254901960784_alpha=0.00784313725490196_steps=100_rs=0
clean	cat_0	88	cat	dog	0.0000	-36.4734	36.4734	0.03137	pgd_eps=0.03137254901960784_alpha=0.00784313725490196_steps=100_rs=0
clean	cat_0	89	cat	dog	0.0000	-35.9990	35.9990	0.03137	pgd_eps=0.03137254901960784_alpha=0.00784313725490196_steps=100_rs=0
clean	cat_0	90	cat	dog	0.0000	-36.6093	36.6093	0.03137	pgd_eps=0.03137254901960784_alpha=0.00784313725490196_steps=100_rs=0
clean	cat_0	91	cat	dog	0.0000	-35.6533	35.6533	0.03137	pgd_eps=0.03137254901960784_alpha=0.00784313725490196_steps=100_rs=0
clean	cat_0	92	cat	dog	0.0000	-36.6844	36.6844	0.03137	pgd_eps=0.03137254901960784_alpha=0.00784313725490196_steps=100_rs=0
clean	cat_0	93	cat	dog	0.0000	-35.5825	35.5825	0.03137	pgd_eps=0.03137254901960784_alpha=0.00784313725490196_steps=100_rs=0
clean	cat_0	94	cat	dog	0.0000	-36.8237	36.8237	0.03137	pgd_eps=0.03137254901960784_alpha=0.00784313725490196_steps=100_rs=0
clean	cat_0	95	cat	dog	0.0000	-35.4506	35.4506	0.03137	pgd_eps=0.03137254901960784_alpha=0.00784313725490196_steps=100_rs=0
clean	cat_0	96	cat	dog	0.0000	-36.4267	36.4267	0.03137	pgd_eps=0.03137254901960784_alpha=0.00784313725490196_steps=100_rs=0
clean	cat_0	97	cat	dog	0.0000	-35.4576	35.4576	0.03137	pgd_eps=0.03137254901960784_alpha=0.00784313725490196_steps=100_rs=0
clean	cat_0	98	cat	dog	0.0000	-36.2951	36.2951	0.03137	pgd_eps=0.03137254901960784_alpha=0.00784313725490196_steps=100_rs=0
clean	cat_0	99	cat	dog	0.0000	-35.7111	35.7111	0.03137	pgd_eps=0.03137254901960784_alpha=0.00784313725490196_steps=100_rs=0
clean	cat_0	100	cat	dog	0.0000	-36.7052	36.7052	0.03137	pgd_eps=0.03137254901960784_alpha=0.00784313725490196_steps=100_rs=0
clean	cat_1	0	cat	cat	0.9997	8.5635	0.0003	0.00000	pgd_eps=0.03137254901960784_alpha=0.00784313725490196_steps=100_rs=0
clean	cat_1	1	cat	dog	0.1871	-1.2301	1.6763	0.00784	pgd_eps=0.03137254901960784_alpha=0.00784313725490196_steps=100_rs=0
clean	cat_1	2	cat	dog	0.0010	-6.9286	6.9551	0.01569	pgd_eps=0.03137254901960784_alpha=0.00784313725490196_steps=100_rs=0
clean	cat_1	3	cat	dog	0.0000	-12.7188	12.7191	0.02353	pgd_eps=0.03137254901960784_alpha=0.00784313725490196_steps=100_rs=0
clean	cat_1	4	cat	dog	0.0000	-17.2490	17.2490	0.03137	pgd_eps=0.03137254901960784_alpha=0.00784313725490196_steps=100_rs=0
clean	cat_1	5	cat	dog	0.0000	-20.1742	20.1742	0.03137	pgd_eps=0.03137254901960784_alpha=0.00784313725490196_steps=100_rs=0
clean	cat_1	6	cat	dog	0.0000	-21.8499	21.8499	0.03137	pgd_eps=0.03137254901960784_alpha=0.00784313725490196_steps=100_rs=0
clean	cat_1	7	cat	dog	0.0000	-24.1445	24.1445	0.03137	pgd_eps=0.03137254901960784_alpha=0.00784313725490196_steps=100_rs=0
clean	cat_1	8	cat	dog	0.0000	-24.8253	24.8253	0.03137	pgd_eps=0.03137254901960784_alpha=0.00784313725490196_steps=100_rs=0
clean	cat_1	9	cat	dog	0.0000	-25.4455	25.4455	0.03137	pgd_eps=0.03137254901960784_alpha=0.00784313725490196_steps=100_rs=0
clean	cat_1	10	cat	dog	0.0000	-24.4663	24.4663	0.03137	pgd_eps=0.03137254901960784_alpha=0.00784313725490196_steps=100_rs=0
clean	cat_1	11	cat	dog	0.0000	-27.1490	27.1490	0.03137	pgd_eps=0.03137254901960784_alpha=0.00784313725490196_steps=100_rs=0
clean	cat_1	12	cat	dog	0.0000	-26.8427	26.8427	0.03137	pgd_eps=0.03137254901960784_alpha=0.00784313725490196_steps=100_rs=0
clean	cat_1	13	cat	dog	0.0000	-28.1541	28.1541	0.03137	pgd_eps=0.03137254901960784_alpha=0.00784313725490196_steps=100_rs=0
clean	cat_1	14	cat	dog	0.0000	-27.5233	27.5233	0.03137	pgd_eps=0.03137254901960784_alpha=0.00784313725490196_steps=100_rs=0
clean	cat_1	15	cat	dog	0.0000	-28.6561	28.6561	0.03137	pgd_eps=0.03137254901960784_alpha=0.00784313725490196_steps=100_rs=0
clean	cat_1	16	cat	dog	0.0000	-28.1694	28.1694	0.03137	pgd_eps=0.03137254901960784_alpha=0.00784313725490196_steps=100_rs=0
clean	cat_1	17	cat	dog	0.0000	-29.1617	29.1617	0.03137	pgd_eps=0.03137254901960784_alpha=0.00784313725490196_steps=100_rs=0
clean	cat_1	18	cat	dog	0.0000	-28.7376	28.7376	0.03137	pgd_eps=0.03137254901960784_alpha=0.00784313725490196_steps=100_rs=0
clean	cat_1	19	cat	dog	0.0000	-29.9270	29.9270	0.03137	pgd_eps=0.03137254901960784_alpha=0.00784313725490196_steps=100_rs=0
clean	cat_1	20	cat	dog	0.0000	-29.0510	29.0510	0.03137	pgd_eps=0.03137254901960784_alpha=0.00784313725490196_steps=100_rs=0
clean	cat_1	21	cat	dog	0.0000	-29.9970	29.9970	0.03137	pgd_eps=0.03137254901960784_alpha=0.00784313725490196_steps=100_rs=0
clean	cat_1	22	cat	dog	0.0000	-29.2858	29.2858	0.03137	pgd_eps=0.03137254901960784_alpha=0.00784313725490196_steps=100_rs=0
clean	cat_1	23	cat	dog	0.0000	-30.0857	30.0857	0.03137	pgd_eps=0.03137254901960784_alpha=0.00784313725490196_steps=100_rs=0
clean	cat_1	24	cat	dog	0.0000	-29.7986	29.7986	0.03137	pgd_eps=0.03137254901960784_alpha=0.00784313725490196_steps=100_rs=0
clean	cat_1	25	cat	dog	0.0000	-30.4538	30.4538	0.03137	pgd_eps=0.03137254901960784_alpha=0.00784313725490196_steps=100_rs=0
clean	cat_1	26	cat	dog	0.0000	-29.8234	29.8234	0.03137	pgd_eps=0.03137254901960784_alpha=0.00784313725490196_steps=100_rs=0
clean	cat_1	27	cat	dog	0.0000	-30.3171	30.3171	0.03137	pgd_eps=0.03137254901960784_alpha=0.00784313725490196_steps=100_rs=0
clean	cat_1	28	cat	dog	0.0000	-29.3513	29.3513	0.03137	pgd_eps=0.03137254901960784_alpha=0.00784313725490196_steps=100_rs=0
clean	cat_1	29	cat	dog	0.0000	-31.1006	31.1006	0.03137	pgd_eps=0.03137254901960784_alpha=0.00784313725490196_steps=100_rs=0
clean	cat_1	30	cat	dog	0.0000	-30.1858	30.1858	0.03137	pgd_eps=0.03137254901960784_alpha=0.00784313725490196_steps=100_rs=0
clean	cat_1	31	cat	dog	0.0000	-31.7983	31.7983	0.03137	pgd_eps=0.03137254901960784_alpha=0.00784313725490196_steps=100_rs=0
clean	cat_1	32	cat	dog	0.0000	-30.6863	30.6863	0.03137	pgd_eps=0.03137254901960784_alpha=0.00784313725490196_steps=100_rs=0
clean	cat_1	33	cat	dog	0.0000	-31.4588	31.4588	0.03137	pgd_eps=0.03137254901960784_alpha=0.00784313725490196_steps=100_rs=0
clean	cat_1	34	cat	dog	0.0000	-31.6619	31.6619	0.03137	pgd_eps=0.03137254901960784_alpha=0.00784313725490196_steps=100_rs=0
clean	cat_1	35	cat	dog	0.0000	-31.1899	31.1898	0.03137	pgd_eps=0.03137254901960784_alpha=0.00784313725490196_steps=100_rs=0
clean	cat_1	36	cat	dog	0.0000	-31.3554	31.3554	0.03137	pgd_eps=0.03137254901960784_alpha=0.00784313725490196_steps=100_rs=0
clean	cat_1	37	cat	dog	0.0000	-31.6116	31.6116	0.03137	pgd_eps=0.03137254901960784_alpha=0.00784313725490196_steps=100_rs=0
clean	cat_1	38	cat	dog	0.0000	-31.1484	31.1484	0.03137	pgd_eps=0.03137254901960784_alpha=0.00784313725490196_steps=100_rs=0
clean	cat_1	39	cat	dog	0.0000	-31.7612	31.7612	0.03137	pgd_eps=0.03137254901960784_alpha=0.00784313725490196_steps=100_rs=0
clean	cat_1	40	cat	dog	0.0000	-31.6283	31.6283	0.03137	pgd_eps=0.03137254901960784_alpha=0.00784313725490196_steps=100_rs=0
clean	cat_1	41	cat	dog	0.0000	-31.7298	31.7298	0.03137	pgd_eps=0.03137254901960784_alpha=0.00784313725490196_steps=100_rs=0
clean	cat_1	42	cat	dog	0.0000	-32.0208	32.0208	0.03137	pgd_eps=0.03137254901960784_alpha=0.00784313725490196_steps=100_rs=0
clean	cat_1	43	cat	dog	0.0000	-31.7319	31.7319	0.03137	pgd_eps=0.03137254901960784_alpha=0.00784313725490196_steps=100_rs=0
clean	cat_1	44	cat	dog	0.0000	-31.6676	31.6676	0.03137	pgd_eps=0.03137254901960784_alpha=0.00784313725490196_steps=100_rs=0
clean	cat_1	45	cat	dog	0.0000	-31.8111	31.8111	0.03137	pgd_eps=0.03137254901960784_alpha=0.00784313725490196_steps=100_rs=0
clean	cat_1	46	cat	dog	0.0000	-31.2123	31.2123	0.03137	pgd_eps=0.03137254901960784_alpha=0.00784313725490196_steps=100_rs=0
clean	cat_1	47	cat	dog	0.0000	-32.2389	32.2389	0.03137	pgd_eps=0.03137254901960784_alpha=0.00784313725490196_steps=100_rs=0
clean	cat_1	48	cat	dog	0.0000	-31.7973	31.7973	0.03137	pgd_eps=0.03137254901960784_alpha=0.00784313725490196_steps=100_rs=0
clean	cat_1	49	cat	dog	0.0000	-32.2416	32.2416	0.03137	pgd_eps=0.03137254901960784_alpha=0.00784313725490196_steps=100_rs=0
clean	cat_1	50	cat	dog	0.0000	-31.0964	31.0964	0.03137	pgd_eps=0.03137254901960784_alpha=0.00784313725490196_steps=100_rs=0
clean	cat_1	51	cat	dog	0.0000	-32.1256	32.1256	0.03137	pgd_eps=0.03137254901960784_alpha=0.00784313725490196_steps=100_rs=0
clean	cat_1	52	cat	dog	0.0000	-32.2195	32.2195	0.03137	pgd_eps=0.03137254901960784_alpha=0.00784313725490196_steps=100_rs=0
clean	cat_1	53	cat	dog	0.0000	-32.0052	32.0052	0.03137	pgd_eps=0.03137254901960784_alpha=0.00784313725490196_steps=100_rs=0
clean	cat_1	54	cat	dog	0.0000	-31.7365	31.7365	0.03137	pgd_eps=0.03137254901960784_alpha=0.00784313725490196_steps=100_rs=0
clean	cat_1	55	cat	dog	0.0000	-31.6409	31.6409	0.03137	pgd_eps=0.03137254901960784_alpha=0.00784313725490196_steps=100_rs=0
clean	cat_1	56	cat	dog	0.0000	-32.0347	32.0347	0.03137	pgd_eps=0.03137254901960784_alpha=0.00784313725490196_steps=100_rs=0
clean	cat_1	57	cat	dog	0.0000	-31.7297	31.7297	0.03137	pgd_eps=0.03137254901960784_alpha=0.00784313725490196_steps=100_rs=0
clean	cat_1	58	cat	dog	0.0000	-32.3446	32.3446	0.03137	pgd_eps=0.03137254901960784_alpha=0.00784313725490196_steps=100_rs=0
clean	cat_1	59	cat	dog	0.0000	-31.6731	31.6731	0.03137	pgd_eps=0.03137254901960784_alpha=0.00784313725490196_steps=100_rs=0
clean	cat_1	60	cat	dog	0.0000	-32.2359	32.2359	0.03137	pgd_eps=0.03137254901960784_alpha=0.00784313725490196_steps=100_rs=0
clean	cat_1	61	cat	dog	0.0000	-31.9647	31.9647	0.03137	pgd_eps=0.03137254901960784_alpha=0.00784313725490196_steps=100_rs=0
clean	cat_1	62	cat	dog	0.0000	-32.3131	32.3130	0.03137	pgd_eps=0.03137254901960784_alpha=0.00784313725490196_steps=100_rs=0
clean	cat_1	63	cat	dog	0.0000	-31.8026	31.8026	0.03137	pgd_eps=0.03137254901960784_alpha=0.00784313725490196_steps=100_rs=0
clean	cat_1	64	cat	dog	0.0000	-32.3268	32.3268	0.03137	pgd_eps=0.03137254901960784_alpha=0.00784313725490196_steps=100_rs=0
clean	cat_1	65	cat	dog	0.0000	-31.7346	31.7346	0.03137	pgd_eps=0.03137254901960784_alpha=0.00784313725490196_steps=100_rs=0
clean	cat_1	66	cat	dog	0.0000	-32.7674	32.7674	0.03137	pgd_eps=0.03137254901960784_alpha=0.00784313725490196_steps=100_rs=0
clean	cat_1	67	cat	dog	0.0000	-31.8944	31.8944	0.03137	pgd_eps=0.03137254901960784_alpha=0.00784313725490196_steps=100_rs=0
clean	cat_1	68	cat	dog	0.0000	-32.1353	32.1353	0.03137	pgd_eps=0.03137254901960784_alpha=0.00784313725490196_steps=100_rs=0
clean	cat_1	69	cat	dog	0.0000	-32.3614	32.3615	0.03137	pgd_eps=0.03137254901960784_alpha=0.00784313725490196_steps=100_rs=0
clean	cat_1	70	cat	dog	0.0000	-31.9016	31.9016	0.03137	pgd_eps=0.03137254901960784_alpha=0.00784313725490196_steps=100_rs=0
clean	cat_1	71	cat	dog	0.0000	-32.4821	32.4821	0.03137	pgd_eps=0.03137254901960784_alpha=0.00784313725490196_steps=100_rs=0
clean	cat_1	72	cat	dog	0.0000	-31.5538	31.5538	0.03137	pgd_eps=0.03137254901960784_alpha=0.00784313725490196_steps=100_rs=0
clean	cat_1	73	cat	dog	0.0000	-32.5829	32.5829	0.03137	pgd_eps=0.03137254901960784_alpha=0.00784313725490196_steps=100_rs=0
clean	cat_1	74	cat	dog	0.0000	-32.8123	32.8123	0.03137	pgd_eps=0.03137254901960784_alpha=0.00784313725490196_steps=100_rs=0
clean	cat_1	75	cat	dog	0.0000	-32.3688	32.3688	0.03137	pgd_eps=0.03137254901960784_alpha=0.00784313725490196_steps=100_rs=0
clean	cat_1	76	cat	dog	0.0000	-32.0686	32.0686	0.03137	pgd_eps=0.03137254901960784_alpha=0.00784313725490196_steps=100_rs=0
clean	cat_1	77	cat	dog	0.0000	-32.3412	32.3412	0.03137	pgd_eps=0.03137254901960784_alpha=0.00784313725490196_steps=100_rs=0
clean	cat_1	78	cat	dog	0.0000	-32.5635	32.5635	0.03137	pgd_eps=0.03137254901960784_alpha=0.00784313725490196_steps=100_rs=0
clean	cat_1	79	cat	dog	0.0000	-32.3897	32.3897	0.03137	pgd_eps=0.03137254901960784_alpha=0.00784313725490196_steps=100_rs=0
clean	cat_1	80	cat	dog	0.0000	-32.2019	32.2019	0.03137	pgd_eps=0.03137254901960784_alpha=0.00784313725490196_steps=100_rs=0
clean	cat_1	81	cat	dog	0.0000	-32.1244	32.1244	0.03137	pgd_eps=0.03137254901960784_alpha=0.00784313725490196_steps=100_rs=0
clean	cat_1	82	cat	dog	0.0000	-31.8593	31.8593	0.03137	pgd_eps=0.03137254901960784_alpha=0.00784313725490196_steps=100_rs=0
clean	cat_1	83	cat	dog	0.0000	-32.2676	32.2676	0.03137	pgd_eps=0.03137254901960784_alpha=0.00784313725490196_steps=100_rs=0
clean	cat_1	84	cat	dog	0.0000	-31.8841	31.8841	0.03137	pgd_eps=0.03137254901960784_alpha=0.00784313725490196_steps=100_rs=0
clean	cat_1	85	cat	dog	0.0000	-32.5632	32.5632	0.03137	pgd_eps=0.03137254901960784_alpha=0.00784313725490196_steps=100_rs=0
clean	cat_1	86	cat	dog	0.0000	-32.0153	32.0153	0.03137	pgd_eps=0.03137254901960784_alpha=0.00784313725490196_steps=100_rs=0
clean	cat_1	87	cat	dog	0.0000	-32.3400	32.3400	0.03137	pgd_eps=0.03137254901960784_alpha=0.00784313725490196_steps=100_rs=0
clean	cat_1	88	cat	dog	0.0000	-32.0170	32.0170	0.03137	pgd_eps=0.03137254901960784_alpha=0.00784313725490196_steps=100_rs=0
clean	cat_1	89	cat	dog	0.0000	-32.9375	32.9375	0.03137	pgd_eps=0.03137254901960784_alpha=0.00784313725490196_steps=100_rs=0
clean	cat_1	90	cat	dog	0.0000	-31.4032	31.4032	0.03137	pgd_eps=0.03137254901960784_alpha=0.00784313725490196_steps=100_rs=0
clean	cat_1	91	cat	dog	0.0000	-32.8963	32.8963	0.03137	pgd_eps=0.03137254901960784_alpha=0.00784313725490196_steps=100_rs=0
clean	cat_1	92	cat	dog	0.0000	-31.8352	31.8352	0.03137	pgd_eps=0.03137254901960784_alpha=0.00784313725490196_steps=100_rs=0
clean	cat_1	93	cat	dog	0.0000	-33.0285	33.0285	0.03137	pgd_eps=0.03137254901960784_alpha=0.00784313725490196_steps=100_rs=0
clean	cat_1	94	cat	dog	0.0000	-31.9232	31.9232	0.03137	pgd_eps=0.03137254901960784_alpha=0.00784313725490196_steps=100_rs=0
clean	cat_1	95	cat	dog	0.0000	-32.7460	32.7460	0.03137	pgd_eps=0.03137254901960784_alpha=0.00784313725490196_steps=100_rs=0
clean	cat_1	96	cat	dog	0.0000	-32.9340	32.9340	0.03137	pgd_eps=0.03137254901960784_alpha=0.00784313725490196_steps=100_rs=0
clean	cat_1	97	cat	dog	0.0000	-32.8498	32.8498	0.03137	pgd_eps=0.03137254901960784_alpha=0.00784313725490196_steps=100_rs=0
clean	cat_1	98	cat	dog	0.0000	-32.9395	32.9395	0.03137	pgd_eps=0.03137254901960784_alpha=0.00784313725490196_steps=100_rs=0
clean	cat_1	99	cat	dog	0.0000	-33.1681	33.1681	0.03137	pgd_eps=0.03137254901960784_alpha=0.00784313725490196_steps=100_rs=0
clean	cat_1	100	cat	dog	0.0000	-32.0817	32.0817	0.03137	pgd_eps=0.03137254901960784_alpha=0.00784313725490196_steps=100_rs=0
clean	cat_2	0	cat	cat	0.9949	5.4901	0.0051	0.00000	pgd_eps=0.03137254901960784_alpha=0.00784313725490196_steps=100_rs=0
clean	cat_2	1	cat	frog	0.0048	-5.3337	5.3429	0.00784	pgd_eps=0.03137254901960784_alpha=0.00784313725490196_steps=100_rs=0
clean	cat_2	2	cat	frog	0.0000	-10.0803	10.0805	0.01569	pgd_eps=0.03137254901960784_alpha=0.00784313725490196_steps=100_rs=0
clean	cat_2	3	cat	frog	0.0000	-13.3807	13.3809	0.02353	pgd_eps=0.03137254901960784_alpha=0.00784313725490196_steps=100_rs=0
clean	cat_2	4	cat	frog	0.0000	-15.2278	15.2278	0.03137	pgd_eps=0.03137254901960784_alpha=0.00784313725490196_steps=100_rs=0
clean	cat_2	5	cat	frog	0.0000	-16.9681	16.9681	0.03137	pgd_eps=0.03137254901960784_alpha=0.00784313725490196_steps=100_rs=0
clean	cat_2	6	cat	frog	0.0000	-17.5339	17.5339	0.03137	pgd_eps=0.03137254901960784_alpha=0.00784313725490196_steps=100_rs=0
clean	cat_2	7	cat	frog	0.0000	-18.7044	18.7044	0.03137	pgd_eps=0.03137254901960784_alpha=0.00784313725490196_steps=100_rs=0
clean	cat_2	8	cat	frog	0.0000	-18.1946	18.1946	0.03137	pgd_eps=0.03137254901960784_alpha=0.00784313725490196_steps=100_rs=0
clean	cat_2	9	cat	frog	0.0000	-20.0895	20.0895	0.03137	pgd_eps=0.03137254901960784_alpha=0.00784313725490196_steps=100_rs=0
clean	cat_2	10	cat	frog	0.0000	-19.9960	19.9960	0.03137	pgd_eps=0.03137254901960784_alpha=0.00784313725490196_steps=100_rs=0
clean	cat_2	11	cat	frog	0.0000	-21.3280	21.3280	0.03137	pgd_eps=0.03137254901960784_alpha=0.00784313725490196_steps=100_rs=0
clean	cat_2	12	cat	frog	0.0000	-21.2845	21.2845	0.03137	pgd_eps=0.03137254901960784_alpha=0.00784313725490196_steps=100_rs=0
clean	cat_2	13	cat	frog	0.0000	-21.3934	21.3934	0.03137	pgd_eps=0.03137254901960784_alpha=0.00784313725490196_steps=100_rs=0
clean	cat_2	14	cat	frog	0.0000	-21.3006	21.3007	0.03137	pgd_eps=0.03137254901960784_alpha=0.00784313725490196_steps=100_rs=0
clean	cat_2	15	cat	frog	0.0000	-22.5362	22.5362	0.03137	pgd_eps=0.03137254901960784_alpha=0.00784313725490196_steps=100_rs=0
clean	cat_2	16	cat	frog	0.0000	-21.8244	21.8244	0.03137	pgd_eps=0.03137254901960784_alpha=0.00784313725490196_steps=100_rs=0
clean	cat_2	17	cat	frog	0.0000	-22.8039	22.8039	0.03137	pgd_eps=0.03137254901960784_alpha=0.00784313725490196_steps=100_rs=0
clean	cat_2	18	cat	frog	0.0000	-22.0660	22.0660	0.03137	pgd_eps=0.03137254901960784_alpha=0.00784313725490196_steps=100_rs=0
clean	cat_2	19	cat	frog	0.0000	-22.8260	22.8260	0.03137	pgd_eps=0.03137254901960784_alpha=0.00784313725490196_steps=100_rs=0
clean	cat_2	20	cat	frog	0.0000	-22.8730	22.8730	0.03137	pgd_eps=0.03137254901960784_alpha=0.00784313725490196_steps=100_rs=0
clean	cat_2	21	cat	frog	0.0000	-23.2407	23.2407	0.03137	pgd_eps=0.03137254901960784_alpha=0.00784313725490196_steps=100_rs=0
clean	cat_2	22	cat	frog	0.0000	-22.8693	22.8694	0.03137	pgd_eps=0.03137254901960784_alpha=0.00784313725490196_steps=100_rs=0
clean	cat_2	23	cat	frog	0.0000	-23.5702	23.5702	0.03137	pgd_eps=0.03137254901960784_alpha=0.00784313725490196_steps=100_rs=0
clean	cat_2	24	cat	frog	0.0000	-23.0419	23.0419	0.03137	pgd_eps=0.03137254901960784_alpha=0.00784313725490196_steps=100_rs=0
clean	cat_2	25	cat	frog	0.0000	-23.8716	23.8716	0.03137	pgd_eps=0.03137254901960784_alpha=0.00784313725490196_steps=100_rs=0
clean	cat_2	26	cat	frog	0.0000	-23.8969	23.8970	0.03137	pgd_eps=0.03137254901960784_alpha=0.00784313725490196_steps=100_rs=0
clean	cat_2	27	cat	frog	0.0000	-23.9077	23.9077	0.03137	pgd_eps=0.03137254901960784_alpha=0.00784313725490196_steps=100_rs=0
clean	cat_2	28	cat	frog	0.0000	-23.8522	23.8522	0.03137	pgd_eps=0.03137254901960784_alpha=0.00784313725490196_steps=100_rs=0
clean	cat_2	29	cat	frog	0.0000	-24.1623	24.1623	0.03137	pgd_eps=0.03137254901960784_alpha=0.00784313725490196_steps=100_rs=0
clean	cat_2	30	cat	frog	0.0000	-24.3259	24.3259	0.03137	pgd_eps=0.03137254901960784_alpha=0.00784313725490196_steps=100_rs=0
clean	cat_2	31	cat	frog	0.0000	-24.4174	24.4174	0.03137	pgd_eps=0.03137254901960784_alpha=0.00784313725490196_steps=100_rs=0
clean	cat_2	32	cat	frog	0.0000	-24.8150	24.8150	0.03137	pgd_eps=0.03137254901960784_alpha=0.00784313725490196_steps=100_rs=0
clean	cat_2	33	cat	frog	0.0000	-24.4468	24.4468	0.03137	pgd_eps=0.03137254901960784_alpha=0.00784313725490196_steps=100_rs=0
clean	cat_2	34	cat	frog	0.0000	-24.8941	24.8941	0.03137	pgd_eps=0.03137254901960784_alpha=0.00784313725490196_steps=100_rs=0
clean	cat_2	35	cat	frog	0.0000	-24.6016	24.6016	0.03137	pgd_eps=0.03137254901960784_alpha=0.00784313725490196_steps=100_rs=0
clean	cat_2	36	cat	frog	0.0000	-25.0496	25.0496	0.03137	pgd_eps=0.03137254901960784_alpha=0.00784313725490196_steps=100_rs=0
clean	cat_2	37	cat	frog	0.0000	-24.7409	24.7409	0.03137	pgd_eps=0.03137254901960784_alpha=0.00784313725490196_steps=100_rs=0
clean	cat_2	38	cat	frog	0.0000	-24.7460	24.7460	0.03137	pgd_eps=0.03137254901960784_alpha=0.00784313725490196_steps=100_rs=0
clean	cat_2	39	cat	frog	0.0000	-24.9182	24.9182	0.03137	pgd_eps=0.03137254901960784_alpha=0.00784313725490196_steps=100_rs=0
clean	cat_2	40	cat	frog	0.0000	-24.8806	24.8806	0.03137	pgd_eps=0.03137254901960784_alpha=0.00784313725490196_steps=100_rs=0
clean	cat_2	41	cat	frog	0.0000	-25.5047	25.5047	0.03137	pgd_eps=0.03137254901960784_alpha=0.00784313725490196_steps=100_rs=0
clean	cat_2	42	cat	frog	0.0000	-25.4673	25.4673	0.03137	pgd_eps=0.03137254901960784_alpha=0.00784313725490196_steps=100_rs=0
clean	cat_2	43	cat	frog	0.0000	-25.3230	25.3230	0.03137	pgd_eps=0.03137254901960784_alpha=0.00784313725490196_steps=100_rs=0
clean	cat_2	44	cat	frog	0.0000	-25.2625	25.2625	0.03137	pgd_eps=0.03137254901960784_alpha=0.00784313725490196_steps=100_rs=0
clean	cat_2	45	cat	frog	0.0000	-25.8359	25.8360	0.03137	pgd_eps=0.03137254901960784_alpha=0.00784313725490196_steps=100_rs=0
clean	cat_2	46	cat	frog	0.0000	-24.9287	24.9287	0.03137	pgd_eps=0.03137254901960784_alpha=0.00784313725490196_steps=100_rs=0
clean	cat_2	47	cat	frog	0.0000	-25.5403	25.5403	0.03137	pgd_eps=0.03137254901960784_alpha=0.00784313725490196_steps=100_rs=0
clean	cat_2	48	cat	frog	0.0000	-25.5541	25.5541	0.03137	pgd_eps=0.03137254901960784_alpha=0.00784313725490196_steps=100_rs=0
clean	cat_2	49	cat	frog	0.0000	-25.7531	25.7531	0.03137	pgd_eps=0.03137254901960784_alpha=0.00784313725490196_steps=100_rs=0
clean	cat_2	50	cat	frog	0.0000	-24.8134	24.8134	0.03137	pgd_eps=0.03137254901960784_alpha=0.00784313725490196_steps=100_rs=0
clean	cat_2	51	cat	frog	0.0000	-25.8862	25.8862	0.03137	pgd_eps=0.03137254901960784_alpha=0.00784313725490196_steps=100_rs=0
clean	cat_2	52	cat	frog	0.0000	-24.3536	24.3536	0.03137	pgd_eps=0.03137254901960784_alpha=0.00784313725490196_steps=100_rs=0
clean	cat_2	53	cat	frog	0.0000	-25.8486	25.8486	0.03137	pgd_eps=0.03137254901960784_alpha=0.00784313725490196_steps=100_rs=0
clean	cat_2	54	cat	frog	0.0000	-25.1998	25.1998	0.03137	pgd_eps=0.03137254901960784_alpha=0.00784313725490196_steps=100_rs=0
clean	cat_2	55	cat	frog	0.0000	-26.0798	26.0798	0.03137	pgd_eps=0.03137254901960784_alpha=0.00784313725490196_steps=100_rs=0
clean	cat_2	56	cat	frog	0.0000	-24.8699	24.8699	0.03137	pgd_eps=0.03137254901960784_alpha=0.00784313725490196_steps=100_rs=0
clean	cat_2	57	cat	frog	0.0000	-26.1528	26.1528	0.03137	pgd_eps=0.03137254901960784_alpha=0.00784313725490196_steps=100_rs=0
clean	cat_2	58	cat	frog	0.0000	-25.1530	25.1530	0.03137	pgd_eps=0.03137254901960784_alpha=0.00784313725490196_steps=100_rs=0
clean	cat_2	59	cat	frog	0.0000	-26.3075	26.3075	0.03137	pgd_eps=0.03137254901960784_alpha=0.00784313725490196_steps=100_rs=0
clean	cat_2	60	cat	frog	0.0000	-25.7063	25.7063	0.03137	pgd_eps=0.03137254901960784_alpha=0.00784313725490196_steps=100_rs=0
clean	cat_2	61	cat	frog	0.0000	-26.2483	26.2483	0.03137	pgd_eps=0.03137254901960784_alpha=0.00784313725490196_steps=100_rs=0
clean	cat_2	62	cat	frog	0.0000	-25.3600	25.3600	0.03137	pgd_eps=0.03137254901960784_alpha=0.00784313725490196_steps=100_rs=0
clean	cat_2	63	cat	frog	0.0000	-26.2208	26.2208	0.03137	pgd_eps=0.03137254901960784_alpha=0.00784313725490196_steps=100_rs=0
clean	cat_2	64	cat	frog	0.0000	-26.0332	26.0332	0.03137	pgd_eps=0.03137254901960784_alpha=0.00784313725490196_steps=100_rs=0
clean	cat_2	65	cat	frog	0.0000	-25.8691	25.8691	0.03137	pgd_eps=0.03137254901960784_alpha=0.00784313725490196_steps=100_rs=0
clean	cat_2	66	cat	frog	0.0000	-25.9496	25.9496	0.03137	pgd_eps=0.03137254901960784_alpha=0.00784313725490196_steps=100_rs=0
clean	cat_2	67	cat	frog	0.0000	-25.4960	25.4960	0.03137	pgd_eps=0.03137254901960784_alpha=0.00784313725490196_steps=100_rs=0
clean	cat_2	68	cat	frog	0.0000	-25.7702	25.7702	0.03137	pgd_eps=0.03137254901960784_alpha=0.00784313725490196_steps=100_rs=0
clean	cat_2	69	cat	frog	0.0000	-25.6025	25.6025	0.03137	pgd_eps=0.03137254901960784_alpha=0.00784313725490196_steps=100_rs=0
clean	cat_2	70	cat	frog	0.0000	-25.6860	25.6860	0.03137	pgd_eps=0.03137254901960784_alpha=0.00784313725490196_steps=100_rs=0
clean	cat_2	71	cat	frog	0.0000	-25.6141	25.6141	0.03137	pgd_eps=0.03137254901960784_alpha=0.00784313725490196_steps=100_rs=0
clean	cat_2	72	cat	frog	0.0000	-26.0045	26.0045	0.03137	pgd_eps=0.03137254901960784_alpha=0.00784313725490196_steps=100_rs=0
clean	cat_2	73	cat	frog	0.0000	-26.2059	26.2059	0.03137	pgd_eps=0.03137254901960784_alpha=0.00784313725490196_steps=100_rs=0
clean	cat_2	74	cat	frog	0.0000	-25.8457	25.8457	0.03137	pgd_eps=0.03137254901960784_alpha=0.00784313725490196_steps=100_rs=0
clean	cat_2	75	cat	frog	0.0000	-25.9321	25.9321	0.03137	pgd_eps=0.03137254901960784_alpha=0.00784313725490196_steps=100_rs=0
clean	cat_2	76	cat	frog	0.0000	-26.2973	26.2973	0.03137	pgd_eps=0.03137254901960784_alpha=0.00784313725490196_steps=100_rs=0
clean	cat_2	77	cat	frog	0.0000	-26.1385	26.1385	0.03137	pgd_eps=0.03137254901960784_alpha=0.00784313725490196_steps=100_rs=0
clean	cat_2	78	cat	frog	0.0000	-26.1010	26.1010	0.03137	pgd_eps=0.03137254901960784_alpha=0.00784313725490196_steps=100_rs=0
clean	cat_2	79	cat	frog	0.0000	-26.1646	26.1646	0.03137	pgd_eps=0.03137254901960784_alpha=0.00784313725490196_steps=100_rs=0
clean	cat_2	80	cat	frog	0.0000	-26.3494	26.3494	0.03137	pgd_eps=0.03137254901960784_alpha=0.00784313725490196_steps=100_rs=0
clean	cat_2	81	cat	frog	0.0000	-26.2079	26.2079	0.03137	pgd_eps=0.03137254901960784_alpha=0.00784313725490196_steps=100_rs=0
clean	cat_2	82	cat	frog	0.0000	-26.5202	26.5202	0.03137	pgd_eps=0.03137254901960784_alpha=0.00784313725490196_steps=100_rs=0
clean	cat_2	83	cat	frog	0.0000	-26.2663	26.2663	0.03137	pgd_eps=0.03137254901960784_alpha=0.00784313725490196_steps=100_rs=0
clean	cat_2	84	cat	frog	0.0000	-26.4480	26.4480	0.03137	pgd_eps=0.03137254901960784_alpha=0.00784313725490196_steps=100_rs=0
clean	cat_2	85	cat	frog	0.0000	-26.0275	26.0276	0.03137	pgd_eps=0.03137254901960784_alpha=0.00784313725490196_steps=100_rs=0
clean	cat_2	86	cat	frog	0.0000	-26.2771	26.2771	0.03137	pgd_eps=0.03137254901960784_alpha=0.00784313725490196_steps=100_rs=0
clean	cat_2	87	cat	frog	0.0000	-26.0139	26.0139	0.03137	pgd_eps=0.03137254901960784_alpha=0.00784313725490196_steps=100_rs=0
clean	cat_2	88	cat	frog	0.0000	-26.2569	26.2569	0.03137	pgd_eps=0.03137254901960784_alpha=0.00784313725490196_steps=100_rs=0
clean	cat_2	89	cat	frog	0.0000	-26.2195	26.2196	0.03137	pgd_eps=0.03137254901960784_alpha=0.00784313725490196_steps=100_rs=0
clean	cat_2	90	cat	frog	0.0000	-25.9317	25.9317	0.03137	pgd_eps=0.03137254901960784_alpha=0.00784313725490196_steps=100_rs=0
clean	cat_2	91	cat	frog	0.0000	-26.0977	26.0977	0.03137	pgd_eps=0.03137254901960784_alpha=0.00784313725490196_steps=100_rs=0
clean	cat_2	92	cat	frog	0.0000	-26.0473	26.0473	0.03137	pgd_eps=0.03137254901960784_alpha=0.00784313725490196_steps=100_rs=0
clean	cat_2	93	cat	frog	0.0000	-26.0382	26.0382	0.03137	pgd_eps=0.03137254901960784_alpha=0.00784313725490196_steps=100_rs=0
clean	cat_2	94	cat	frog	0.0000	-25.4810	25.4810	0.03137	pgd_eps=0.03137254901960784_alpha=0.00784313725490196_steps=100_rs=0
clean	cat_2	95	cat	frog	0.0000	-26.1941	26.1941	0.03137	pgd_eps=0.03137254901960784_alpha=0.00784313725490196_steps=100_rs=0
clean	cat_2	96	cat	frog	0.0000	-25.8645	25.8645	0.03137	pgd_eps=0.03137254901960784_alpha=0.00784313725490196_steps=100_rs=0
clean	cat_2	97	cat	frog	0.0000	-26.1518	26.1518	0.03137	pgd_eps=0.03137254901960784_alpha=0.00784313725490196_steps=100_rs=0
clean	cat_2	98	cat	frog	0.0000	-26.0193	26.0194	0.03137	pgd_eps=0.03137254901960784_alpha=0.00784313725490196_steps=100_rs=0
clean	cat_2	99	cat	frog	0.0000	-26.3041	26.3041	0.03137	pgd_eps=0.03137254901960784_alpha=0.00784313725490196_steps=100_rs=0
clean	cat_2	100	cat	frog	0.0000	-26.0182	26.0182	0.03137	pgd_eps=0.03137254901960784_alpha=0.00784313725490196_steps=100_rs=0
clean	cat_3	0	cat	cat	0.9302	2.7470	0.0723	0.00000	pgd_eps=0.03137254901960784_alpha=0.00784313725490196_steps=100_rs=0
clean	cat_3	1	cat	dog	0.0001	-9.1998	9.2011	0.00784	pgd_eps=0.03137254901960784_alpha=0.00784313725490196_steps=100_rs=0
clean	cat_3	2	cat	dog	0.0000	-13.8692	13.8693	0.01569	pgd_eps=0.03137254901960784_alpha=0.00784313725490196_steps=100_rs=0
clean	cat_3	3	cat	dog	0.0000	-17.2398	17.2398	0.02353	pgd_eps=0.03137254901960784_alpha=0.00784313725490196_steps=100_rs=0
clean	cat_3	4	cat	dog	0.0000	-19.4355	19.4355	0.03137	pgd_eps=0.03137254901960784_alpha=0.00784313725490196_steps=100_rs=0
clean	cat_3	5	cat	dog	0.0000	-21.0339	21.0339	0.03137	pgd_eps=0.03137254901960784_alpha=0.00784313725490196_steps=100_rs=0
clean	cat_3	6	cat	dog	0.0000	-21.9462	21.9462	0.03137	pgd_eps=0.03137254901960784_alpha=0.00784313725490196_steps=100_rs=0
clean	cat_3	7	cat	dog	0.0000	-22.9526	22.9526	0.03137	pgd_eps=0.03137254901960784_alpha=0.00784313725490196_steps=100_rs=0
clean	cat_3	8	cat	dog	0.0000	-23.5562	23.5562	0.03137	pgd_eps=0.03137254901960784_alpha=0.00784313725490196_steps=100_rs=0
clean	cat_3	9	cat	dog	0.0000	-24.6584	24.6584	0.03137	pgd_eps=0.03137254901960784_alpha=0.00784313725490196_steps=100_rs=0
clean	cat_3	10	cat	dog	0.0000	-24.7607	24.7607	0.03137	pgd_eps=0.03137254901960784_alpha=0.00784313725490196_steps=100_rs=0
clean	cat_3	11	cat	dog	0.0000	-24.9888	24.9888	0.03137	pgd_eps=0.03137254901960784_alpha=0.00784313725490196_steps=100_rs=0
clean	cat_3	12	cat	dog	0.0000	-25.4876	25.4876	0.03137	pgd_eps=0.03137254901960784_alpha=0.00784313725490196_steps=100_rs=0
clean	cat_3	13	cat	dog	0.0000	-26.0360	26.0360	0.03137	pgd_eps=0.03137254901960784_alpha=0.00784313725490196_steps=100_rs=0
clean	cat_3	14	cat	dog	0.0000	-26.4391	26.4391	0.03137	pgd_eps=0.03137254901960784_alpha=0.00784313725490196_steps=100_rs=0
clean	cat_3	15	cat	dog	0.0000	-26.0418	26.0418	0.03137	pgd_eps=0.03137254901960784_alpha=0.00784313725490196_steps=100_rs=0
clean	cat_3	16	cat	dog	0.0000	-26.5771	26.5771	0.03137	pgd_eps=0.03137254901960784_alpha=0.00784313725490196_steps=100_rs=0
clean	cat_3	17	cat	dog	0.0000	-26.2375	26.2375	0.03137	pgd_eps=0.03137254901960784_alpha=0.00784313725490196_steps=100_rs=0
clean	cat_3	18	cat	dog	0.0000	-27.2618	27.2618	0.03137	pgd_eps=0.03137254901960784_alpha=0.00784313725490196_steps=100_rs=0
clean	cat_3	19	cat	dog	0.0000	-26.3680	26.3680	0.03137	pgd_eps=0.03137254901960784_alpha=0.00784313725490196_steps=100_rs=0
clean	cat_3	20	cat	dog	0.0000	-27.8560	27.8560	0.03137	pgd_eps=0.03137254901960784_alpha=0.00784313725490196_steps=100_rs=0
clean	cat_3	21	cat	dog	0.0000	-27.6219	27.6219	0.03137	pgd_eps=0.03137254901960784_alpha=0.00784313725490196_steps=100_rs=0
clean	cat_3	22	cat	dog	0.0000	-28.0025	28.0025	0.03137	pgd_eps=0.03137254901960784_alpha=0.00784313725490196_steps=100_rs=0
clean	cat_3	23	cat	dog	0.0000	-27.9649	27.9649	0.03137	pgd_eps=0.03137254901960784_alpha=0.00784313725490196_steps=100_rs=0
clean	cat_3	24	cat	dog	0.0000	-28.2482	28.2482	0.03137	pgd_eps=0.03137254901960784_alpha=0.00784313725490196_steps=100_rs=0
clean	cat_3	25	cat	dog	0.0000	-28.0753	28.0753	0.03137	pgd_eps=0.03137254901960784_alpha=0.00784313725490196_steps=100_rs=0
clean	cat_3	26	cat	dog	0.0000	-28.5965	28.5965	0.03137	pgd_eps=0.03137254901960784_alpha=0.00784313725490196_steps=100_rs=0
clean	cat_3	27	cat	dog	0.0000	-28.4398	28.4398	0.03137	pgd_eps=0.03137254901960784_alpha=0.00784313725490196_steps=100_rs=0
clean	cat_3	28	cat	dog	0.0000	-28.7145	28.7145	0.03137	pgd_eps=0.03137254901960784_alpha=0.00784313725490196_steps=100_rs=0
clean	cat_3	29	cat	dog	0.0000	-28.0912	28.0912	0.03137	pgd_eps=0.03137254901960784_alpha=0.00784313725490196_steps=100_rs=0
clean	cat_3	30	cat	dog	0.0000	-29.1208	29.1208	0.03137	pgd_eps=0.03137254901960784_alpha=0.00784313725490196_steps=100_rs=0
clean	cat_3	31	cat	dog	0.0000	-27.9366	27.9366	0.03137	pgd_eps=0.03137254901960784_alpha=0.00784313725490196_steps=100_rs=0
clean	cat_3	32	cat	dog	0.0000	-28.6812	28.6812	0.03137	pgd_eps=0.03137254901960784_alpha=0.00784313725490196_steps=100_rs=0
clean	cat_3	33	cat	dog	0.0000	-28.4883	28.4883	0.03137	pgd_eps=0.03137254901960784_alpha=0.00784313725490196_steps=100_rs=0
clean	cat_3	34	cat	dog	0.0000	-28.6183	28.6183	0.03137	pgd_eps=0.03137254901960784_alpha=0.00784313725490196_steps=100_rs=0
clean	cat_3	35	cat	dog	0.0000	-28.2497	28.2497	0.03137	pgd_eps=0.03137254901960784_alpha=0.00784313725490196_steps=100_rs=0
clean	cat_3	36	cat	dog	0.0000	-28.8024	28.8024	0.03137	pgd_eps=0.03137254901960784_alpha=0.00784313725490196_steps=100_rs=0
clean	cat_3	37	cat	dog	0.0000	-28.8239	28.8239	0.03137	pgd_eps=0.03137254901960784_alpha=0.00784313725490196_steps=100_rs=0
clean	cat_3	38	cat	dog	0.0000	-28.4558	28.4558	0.03137	pgd_eps=0.03137254901960784_alpha=0.00784313725490196_steps=100_rs=0
clean	cat_3	39	cat	dog	0.0000	-28.7306	28.7306	0.03137	pgd_eps=0.03137254901960784_alpha=0.00784313725490196_steps=100_rs=0
clean	cat_3	40	cat	dog	0.0000	-28.7883	28.7883	0.03137	pgd_eps=0.03137254901960784_alpha=0.00784313725490196_steps=100_rs=0
clean	cat_3	41	cat	dog	0.0000	-29.2781	29.2781	0.03137	pgd_eps=0.03137254901960784_alpha=0.00784313725490196_steps=100_rs=0
clean	cat_3	42	cat	dog	0.0000	-28.8519	28.8519	0.03137	pgd_eps=0.03137254901960784_alpha=0.00784313725490196_steps=100_rs=0
clean	cat_3	43	cat	dog	0.0000	-27.8865	27.8865	0.03137	pgd_eps=0.03137254901960784_alpha=0.00784313725490196_steps=100_rs=0
clean	cat_3	44	cat	dog	0.0000	-28.9347	28.9347	0.03137	pgd_eps=0.03137254901960784_alpha=0.00784313725490196_steps=100_rs=0
clean	cat_3	45	cat	dog	0.0000	-29.3237	29.3237	0.03137	pgd_eps=0.03137254901960784_alpha=0.00784313725490196_steps=100_rs=0
clean	cat_3	46	cat	dog	0.0000	-29.0800	29.0800	0.03137	pgd_eps=0.03137254901960784_alpha=0.00784313725490196_steps=100_rs=0
clean	cat_3	47	cat	dog	0.0000	-28.6455	28.6455	0.03137	pgd_eps=0.03137254901960784_alpha=0.00784313725490196_steps=100_rs=0
clean	cat_3	48	cat	dog	0.0000	-29.2700	29.2700	0.03137	pgd_eps=0.03137254901960784_alpha=0.00784313725490196_steps=100_rs=0
clean	cat_3	49	cat	dog	0.0000	-28.7181	28.7181	0.03137	pgd_eps=0.03137254901960784_alpha=0.00784313725490196_steps=100_rs=0
clean	cat_3	50	cat	dog	0.0000	-29.4688	29.4688	0.03137	pgd_eps=0.03137254901960784_alpha=0.00784313725490196_steps=100_rs=0
clean	cat_3	51	cat	dog	0.0000	-28.8920	28.8920	0.03137	pgd_eps=0.03137254901960784_alpha=0.00784313725490196_steps=100_rs=0
clean	cat_3	52	cat	dog	0.0000	-29.4030	29.4030	0.03137	pgd_eps=0.03137254901960784_alpha=0.00784313725490196_steps=100_rs=0
clean	cat_3	53	cat	dog	0.0000	-29.3195	29.3195	0.03137	pgd_eps=0.03137254901960784_alpha=0.00784313725490196_steps=100_rs=0
clean	cat_3	54	cat	dog	0.0000	-29.0056	29.0056	0.03137	pgd_eps=0.03137254901960784_alpha=0.00784313725490196_steps=100_rs=0
clean	cat_3	55	cat	dog	0.0000	-29.3863	29.3863	0.03137	pgd_eps=0.03137254901960784_alpha=0.00784313725490196_steps=100_rs=0
clean	cat_3	56	cat	dog	0.0000	-29.5297	29.5297	0.03137	pgd_eps=0.03137254901960784_alpha=0.00784313725490196_steps=100_rs=0
clean	cat_3	57	cat	dog	0.0000	-29.7805	29.7805	0.03137	pgd_eps=0.03137254901960784_alpha=0.00784313725490196_steps=100_rs=0
clean	cat_3	58	cat	dog	0.0000	-29.5305	29.5305	0.03137	pgd_eps=0.03137254901960784_alpha=0.00784313725490196_steps=100_rs=0
clean	cat_3	59	cat	dog	0.0000	-29.6025	29.6025	0.03137	pgd_eps=0.03137254901960784_alpha=0.00784313725490196_steps=100_rs=0
clean	cat_3	60	cat	dog	0.0000	-29.1849	29.1849	0.03137	pgd_eps=0.03137254901960784_alpha=0.00784313725490196_steps=100_rs=0
clean	cat_3	61	cat	dog	0.0000	-29.9034	29.9034	0.03137	pgd_eps=0.03137254901960784_alpha=0.00784313725490196_steps=100_rs=0
clean	cat_3	62	cat	dog	0.0000	-29.5791	29.5791	0.03137	pgd_eps=0.03137254901960784_alpha=0.00784313725490196_steps=100_rs=0
clean	cat_3	63	cat	dog	0.0000	-29.8368	29.8368	0.03137	pgd_eps=0.03137254901960784_alpha=0.00784313725490196_steps=100_rs=0
clean	cat_3	64	cat	dog	0.0000	-29.8127	29.8127	0.03137	pgd_eps=0.03137254901960784_alpha=0.00784313725490196_steps=100_rs=0
clean	cat_3	65	cat	dog	0.0000	-30.1748	30.1748	0.03137	pgd_eps=0.03137254901960784_alpha=0.00784313725490196_steps=100_rs=0
clean	cat_3	66	cat	dog	0.0000	-29.4246	29.4246	0.03137	pgd_eps=0.03137254901960784_alpha=0.00784313725490196_steps=100_rs=0
clean	cat_3	67	cat	dog	0.0000	-30.0940	30.0940	0.03137	pgd_eps=0.03137254901960784_alpha=0.00784313725490196_steps=100_rs=0
clean	cat_3	68	cat	dog	0.0000	-29.8632	29.8632	0.03137	pgd_eps=0.03137254901960784_alpha=0.00784313725490196_steps=100_rs=0
clean	cat_3	69	cat	dog	0.0000	-30.4785	30.4785	0.03137	pgd_eps=0.03137254901960784_alpha=0.00784313725490196_steps=100_rs=0
clean	cat_3	70	cat	dog	0.0000	-30.0596	30.0596	0.03137	pgd_eps=0.03137254901960784_alpha=0.00784313725490196_steps=100_rs=0
clean	cat_3	71	cat	dog	0.0000	-30.4983	30.4983	0.03137	pgd_eps=0.03137254901960784_alpha=0.00784313725490196_steps=100_rs=0
clean	cat_3	72	cat	dog	0.0000	-30.3566	30.3566	0.03137	pgd_eps=0.03137254901960784_alpha=0.00784313725490196_steps=100_rs=0
clean	cat_3	73	cat	dog	0.0000	-30.7387	30.7387	0.03137	pgd_eps=0.03137254901960784_alpha=0.00784313725490196_steps=100_rs=0
clean	cat_3	74	cat	dog	0.0000	-30.3341	30.3341	0.03137	pgd_eps=0.03137254901960784_alpha=0.00784313725490196_steps=100_rs=0
clean	cat_3	75	cat	dog	0.0000	-30.7592	30.7592	0.03137	pgd_eps=0.03137254901960784_alpha=0.00784313725490196_steps=100_rs=0
clean	cat_3	76	cat	dog	0.0000	-30.1850	30.1850	0.03137	pgd_eps=0.03137254901960784_alpha=0.00784313725490196_steps=100_rs=0
clean	cat_3	77	cat	dog	0.0000	-30.7293	30.7293	0.03137	pgd_eps=0.03137254901960784_alpha=0.00784313725490196_steps=100_rs=0
clean	cat_3	78	cat	dog	0.0000	-29.7771	29.7771	0.03137	pgd_eps=0.03137254901960784_alpha=0.00784313725490196_steps=100_rs=0
clean	cat_3	79	cat	dog	0.0000	-30.8045	30.8045	0.03137	pgd_eps=0.03137254901960784_alpha=0.00784313725490196_steps=100_rs=0
clean	cat_3	80	cat	dog	0.0000	-30.3893	30.3893	0.03137	pgd_eps=0.03137254901960784_alpha=0.00784313725490196_steps=100_rs=0
clean	cat_3	81	cat	dog	0.0000	-31.0868	31.0868	0.03137	pgd_eps=0.03137254901960784_alpha=0.00784313725490196_steps=100_rs=0
clean	cat_3	82	cat	dog	0.0000	-30.3152	30.3152	0.03137	pgd_eps=0.03137254901960784_alpha=0.00784313725490196_steps=100_rs=0
clean	cat_3	83	cat	dog	0.0000	-30.7722	30.7722	0.03137	pgd_eps=0.03137254901960784_alpha=0.00784313725490196_steps=100_rs=0
clean	cat_3	84	cat	dog	0.0000	-30.3443	30.3443	0.03137	pgd_eps=0.03137254901960784_alpha=0.00784313725490196_steps=100_rs=0
clean	cat_3	85	cat	dog	0.0000	-30.9376	30.9376	0.03137	pgd_eps=0.03137254901960784_alpha=0.00784313725490196_steps=100_rs=0
clean	cat_3	86	cat	dog	0.0000	-30.2618	30.2618	0.03137	pgd_eps=0.03137254901960784_alpha=0.00784313725490196_steps=100_rs=0
clean	cat_3	87	cat	dog	0.0000	-30.6979	30.6979	0.03137	pgd_eps=0.03137254901960784_alpha=0.00784313725490196_steps=100_rs=0
clean	cat_3	88	cat	dog	0.0000	-30.4072	30.4072	0.03137	pgd_eps=0.03137254901960784_alpha=0.00784313725490196_steps=100_rs=0
clean	cat_3	89	cat	dog	0.0000	-30.6999	30.6999	0.03137	pgd_eps=0.03137254901960784_alpha=0.00784313725490196_steps=100_rs=0
clean	cat_3	90	cat	dog	0.0000	-30.4418	30.4418	0.03137	pgd_eps=0.03137254901960784_alpha=0.00784313725490196_steps=100_rs=0
clean	cat_3	91	cat	dog	0.0000	-30.6126	30.6126	0.03137	pgd_eps=0.03137254901960784_alpha=0.00784313725490196_steps=100_rs=0
clean	cat_3	92	cat	dog	0.0000	-30.4996	30.4996	0.03137	pgd_eps=0.03137254901960784_alpha=0.00784313725490196_steps=100_rs=0
clean	cat_3	93	cat	dog	0.0000	-30.6560	30.6560	0.03137	pgd_eps=0.03137254901960784_alpha=0.00784313725490196_steps=100_rs=0
clean	cat_3	94	cat	dog	0.0000	-30.6572	30.6572	0.03137	pgd_eps=0.03137254901960784_alpha=0.00784313725490196_steps=100_rs=0
clean	cat_3	95	cat	dog	0.0000	-30.8817	30.8817	0.03137	pgd_eps=0.03137254901960784_alpha=0.00784313725490196_steps=100_rs=0
clean	cat_3	96	cat	dog	0.0000	-30.7391	30.7391	0.03137	pgd_eps=0.03137254901960784_alpha=0.00784313725490196_steps=100_rs=0
clean	cat_3	97	cat	dog	0.0000	-30.6956	30.6956	0.03137	pgd_eps=0.03137254901960784_alpha=0.00784313725490196_steps=100_rs=0
clean	cat_3	98	cat	dog	0.0000	-30.8671	30.8671	0.03137	pgd_eps=0.03137254901960784_alpha=0.00784313725490196_steps=100_rs=0
clean	cat_3	99	cat	dog	0.0000	-30.8096	30.8096	0.03137	pgd_eps=0.03137254901960784_alpha=0.00784313725490196_steps=100_rs=0
clean	cat_3	100	cat	dog	0.0000	-30.9260	30.9260	0.03137	pgd_eps=0.03137254901960784_alpha=0.00784313725490196_steps=100_rs=0
clean	cat_4	0	cat	dog	0.4798	-0.0781	0.7345	0.00000	pgd_eps=0.03137254901960784_alpha=0.00784313725490196_steps=100_rs=0
clean	cat_4	1	cat	dog	0.0013	-6.6586	6.6601	0.00784	pgd_eps=0.03137254901960784_alpha=0.00784313725490196_steps=100_rs=0
clean	cat_4	2	cat	dog	0.0000	-12.4219	12.4219	0.01569	pgd_eps=0.03137254901960784_alpha=0.00784313725490196_steps=100_rs=0
clean	cat_4	3	cat	dog	0.0000	-17.0330	17.0330	0.02353	pgd_eps=0.03137254901960784_alpha=0.00784313725490196_steps=100_rs=0
clean	cat_4	4	cat	dog	0.0000	-20.4060	20.4060	0.03137	pgd_eps=0.03137254901960784_alpha=0.00784313725490196_steps=100_rs=0
clean	cat_4	5	cat	dog	0.0000	-21.9634	21.9634	0.03137	pgd_eps=0.03137254901960784_alpha=0.00784313725490196_steps=100_rs=0
clean	cat_4	6	cat	dog	0.0000	-23.1305	23.1305	0.03137	pgd_eps=0.03137254901960784_alpha=0.00784313725490196_steps=100_rs=0
clean	cat_4	7	cat	dog	0.0000	-24.2182	24.2182	0.03137	pgd_eps=0.03137254901960784_alpha=0.00784313725490196_steps=100_rs=0
clean	cat_4	8	cat	dog	0.0000	-24.7552	24.7552	0.03137	pgd_eps=0.03137254901960784_alpha=0.00784313725490196_steps=100_rs=0
clean	cat_4	9	cat	dog	0.0000	-26.4164	26.4164	0.03137	pgd_eps=0.03137254901960784_alpha=0.00784313725490196_steps=100_rs=0
clean	cat_4	10	cat	dog	0.0000	-26.8051	26.8051	0.03137	pgd_eps=0.03137254901960784_alpha=0.00784313725490196_steps=100_rs=0
clean	cat_4	11	cat	dog	0.0000	-27.2651	27.2651	0.03137	pgd_eps=0.03137254901960784_alpha=0.00784313725490196_steps=100_rs=0
clean	cat_4	12	cat	dog	0.0000	-27.9746	27.9746	0.03137	pgd_eps=0.03137254901960784_alpha=0.00784313725490196_steps=100_rs=0
clean	cat_4	13	cat	dog	0.0000	-27.9470	27.9470	0.03137	pgd_eps=0.03137254901960784_alpha=0.00784313725490196_steps=100_rs=0
clean	cat_4	14	cat	dog	0.0000	-28.5187	28.5187	0.03137	pgd_eps=0.03137254901960784_alpha=0.00784313725490196_steps=100_rs=0
clean	cat_4	15	cat	dog	0.0000	-28.4629	28.4629	0.03137	pgd_eps=0.03137254901960784_alpha=0.00784313725490196_steps=100_rs=0
clean	cat_4	16	cat	dog	0.0000	-27.7433	27.7433	0.03137	pgd_eps=0.03137254901960784_alpha=0.00784313725490196_steps=100_rs=0
clean	cat_4	17	cat	dog	0.0000	-28.9752	28.9752	0.03137	pgd_eps=0.03137254901960784_alpha=0.00784313725490196_steps=100_rs=0
clean	cat_4	18	cat	dog	0.0000	-28.3306	28.3306	0.03137	pgd_eps=0.03137254901960784_alpha=0.00784313725490196_steps=100_rs=0
clean	cat_4	19	cat	dog	0.0000	-29.1116	29.1116	0.03137	pgd_eps=0.03137254901960784_alpha=0.00784313725490196_steps=100_rs=0
clean	cat_4	20	cat	dog	0.0000	-29.2229	29.2229	0.03137	pgd_eps=0.03137254901960784_alpha=0.00784313725490196_steps=100_rs=0
clean	cat_4	21	cat	dog	0.0000	-29.6186	29.6186	0.03137	pgd_eps=0.03137254901960784_alpha=0.00784313725490196_steps=100_rs=0
clean	cat_4	22	cat	dog	0.0000	-29.0655	29.0655	0.03137	pgd_eps=0.03137254901960784_alpha=0.00784313725490196_steps=100_rs=0
clean	cat_4	23	cat	dog	0.0000	-30.1004	30.1004	0.03137	pgd_eps=0.03137254901960784_alpha=0.00784313725490196_steps=100_rs=0
clean	cat_4	24	cat	dog	0.0000	-29.6617	29.6617	0.03137	pgd_eps=0.03137254901960784_alpha=0.00784313725490196_steps=100_rs=0
clean	cat_4	25	cat	dog	0.0000	-30.4164	30.4164	0.03137	pgd_eps=0.03137254901960784_alpha=0.00784313725490196_steps=100_rs=0
clean	cat_4	26	cat	dog	0.0000	-29.7307	29.7307	0.03137	pgd_eps=0.03137254901960784_alpha=0.00784313725490196_steps=100_rs=0
clean	cat_4	27	cat	dog	0.0000	-30.0237	30.0237	0.03137	pgd_eps=0.03137254901960784_alpha=0.00784313725490196_steps=100_rs=0
clean	cat_4	28	cat	dog	0.0000	-29.5061	29.5061	0.03137	pgd_eps=0.03137254901960784_alpha=0.00784313725490196_steps=100_rs=0
clean	cat_4	29	cat	dog	0.0000	-30.4569	30.4569	0.03137	pgd_eps=0.03137254901960784_alpha=0.00784313725490196_steps=100_rs=0
clean	cat_4	30	cat	dog	0.0000	-29.6734	29.6734	0.03137	pgd_eps=0.03137254901960784_alpha=0.00784313725490196_steps=100_rs=0
clean	cat_4	31	cat	dog	0.0000	-30.8443	30.8443	0.03137	pgd_eps=0.03137254901960784_alpha=0.00784313725490196_steps=100_rs=0
clean	cat_4	32	cat	dog	0.0000	-29.8114	29.8114	0.03137	pgd_eps=0.03137254901960784_alpha=0.00784313725490196_steps=100_rs=0
clean	cat_4	33	cat	dog	0.0000	-30.4145	30.4145	0.03137	pgd_eps=0.03137254901960784_alpha=0.00784313725490196_steps=100_rs=0
clean	cat_4	34	cat	dog	0.0000	-30.5154	30.5154	0.03137	pgd_eps=0.03137254901960784_alpha=0.00784313725490196_steps=100_rs=0
clean	cat_4	35	cat	dog	0.0000	-30.9817	30.9817	0.03137	pgd_eps=0.03137254901960784_alpha=0.00784313725490196_steps=100_rs=0
clean	cat_4	36	cat	dog	0.0000	-30.0467	30.0467	0.03137	pgd_eps=0.03137254901960784_alpha=0.00784313725490196_steps=100_rs=0
clean	cat_4	37	cat	dog	0.0000	-31.2716	31.2716	0.03137	pgd_eps=0.03137254901960784_alpha=0.00784313725490196_steps=100_rs=0
clean	cat_4	38	cat	dog	0.0000	-29.9656	29.9656	0.03137	pgd_eps=0.03137254901960784_alpha=0.00784313725490196_steps=100_rs=0
clean	cat_4	39	cat	dog	0.0000	-30.8448	30.8448	0.03137	pgd_eps=0.03137254901960784_alpha=0.00784313725490196_steps=100_rs=0
clean	cat_4	40	cat	dog	0.0000	-30.3597	30.3597	0.03137	pgd_eps=0.03137254901960784_alpha=0.00784313725490196_steps=100_rs=0
clean	cat_4	41	cat	dog	0.0000	-31.3607	31.3607	0.03137	pgd_eps=0.03137254901960784_alpha=0.00784313725490196_steps=100_rs=0
clean	cat_4	42	cat	dog	0.0000	-30.5940	30.5940	0.03137	pgd_eps=0.03137254901960784_alpha=0.00784313725490196_steps=100_rs=0
clean	cat_4	43	cat	dog	0.0000	-31.1743	31.1743	0.03137	pgd_eps=0.03137254901960784_alpha=0.00784313725490196_steps=100_rs=0
clean	cat_4	44	cat	dog	0.0000	-30.8076	30.8076	0.03137	pgd_eps=0.03137254901960784_alpha=0.00784313725490196_steps=100_rs=0
clean	cat_4	45	cat	dog	0.0000	-31.1693	31.1693	0.03137	pgd_eps=0.03137254901960784_alpha=0.00784313725490196_steps=100_rs=0
clean	cat_4	46	cat	dog	0.0000	-30.6202	30.6202	0.03137	pgd_eps=0.03137254901960784_alpha=0.00784313725490196_steps=100_rs=0
clean	cat_4	47	cat	dog	0.0000	-31.3197	31.3197	0.03137	pgd_eps=0.03137254901960784_alpha=0.00784313725490196_steps=100_rs=0
clean	cat_4	48	cat	dog	0.0000	-30.8741	30.8741	0.03137	pgd_eps=0.03137254901960784_alpha=0.00784313725490196_steps=100_rs=0
clean	cat_4	49	cat	dog	0.0000	-31.3960	31.3960	0.03137	pgd_eps=0.03137254901960784_alpha=0.00784313725490196_steps=100_rs=0
clean	cat_4	50	cat	dog	0.0000	-31.0816	31.0816	0.03137	pgd_eps=0.03137254901960784_alpha=0.00784313725490196_steps=100_rs=0
clean	cat_4	51	cat	dog	0.0000	-30.8758	30.8758	0.03137	pgd_eps=0.03137254901960784_alpha=0.00784313725490196_steps=100_rs=0
clean	cat_4	52	cat	dog	0.0000	-31.0791	31.0791	0.03137	pgd_eps=0.03137254901960784_alpha=0.00784313725490196_steps=100_rs=0
clean	cat_4	53	cat	dog	0.0000	-31.3079	31.3079	0.03137	pgd_eps=0.03137254901960784_alpha=0.00784313725490196_steps=100_rs=0
clean	cat_4	54	cat	dog	0.0000	-30.9321	30.9321	0.03137	pgd_eps=0.03137254901960784_alpha=0.00784313725490196_steps=100_rs=0
clean	cat_4	55	cat	dog	0.0000	-31.1991	31.1991	0.03137	pgd_eps=0.03137254901960784_alpha=0.00784313725490196_steps=100_rs=0
clean	cat_4	56	cat	dog	0.0000	-30.9017	30.9017	0.03137	pgd_eps=0.03137254901960784_alpha=0.00784313725490196_steps=100_rs=0
clean	cat_4	57	cat	dog	0.0000	-31.6392	31.6392	0.03137	pgd_eps=0.03137254901960784_alpha=0.00784313725490196_steps=100_rs=0
clean	cat_4	58	cat	dog	0.0000	-31.5748	31.5748	0.03137	pgd_eps=0.03137254901960784_alpha=0.00784313725490196_steps=100_rs=0
clean	cat_4	59	cat	dog	0.0000	-31.4972	31.4972	0.03137	pgd_eps=0.03137254901960784_alpha=0.00784313725490196_steps=100_rs=0
clean	cat_4	60	cat	dog	0.0000	-31.3632	31.3632	0.03137	pgd_eps=0.03137254901960784_alpha=0.00784313725490196_steps=100_rs=0
clean	cat_4	61	cat	dog	0.0000	-31.2666	31.2666	0.03137	pgd_eps=0.03137254901960784_alpha=0.00784313725490196_steps=100_rs=0
clean	cat_4	62	cat	dog	0.0000	-30.8190	30.8190	0.03137	pgd_eps=0.03137254901960784_alpha=0.00784313725490196_steps=100_rs=0
clean	cat_4	63	cat	dog	0.0000	-31.3785	31.3785	0.03137	pgd_eps=0.03137254901960784_alpha=0.00784313725490196_steps=100_rs=0
clean	cat_4	64	cat	dog	0.0000	-31.3918	31.3918	0.03137	pgd_eps=0.03137254901960784_alpha=0.00784313725490196_steps=100_rs=0
clean	cat_4	65	cat	dog	0.0000	-31.4628	31.4628	0.03137	pgd_eps=0.03137254901960784_alpha=0.00784313725490196_steps=100_rs=0
clean	cat_4	66	cat	dog	0.0000	-31.5173	31.5173	0.03137	pgd_eps=0.03137254901960784_alpha=0.00784313725490196_steps=100_rs=0
clean	cat_4	67	cat	dog	0.0000	-31.9259	31.9259	0.03137	pgd_eps=0.03137254901960784_alpha=0.00784313725490196_steps=100_rs=0
clean	cat_4	68	cat	dog	0.0000	-31.5288	31.5288	0.03137	pgd_eps=0.03137254901960784_alpha=0.00784313725490196_steps=100_rs=0
clean	cat_4	69	cat	dog	0.0000	-31.6271	31.6271	0.03137	pgd_eps=0.03137254901960784_alpha=0.00784313725490196_steps=100_rs=0
clean	cat_4	70	cat	dog	0.0000	-31.3394	31.3394	0.03137	pgd_eps=0.03137254901960784_alpha=0.00784313725490196_steps=100_rs=0
clean	cat_4	71	cat	dog	0.0000	-31.2333	31.2333	0.03137	pgd_eps=0.03137254901960784_alpha=0.00784313725490196_steps=100_rs=0
clean	cat_4	72	cat	dog	0.0000	-31.9050	31.9050	0.03137	pgd_eps=0.03137254901960784_alpha=0.00784313725490196_steps=100_rs=0
clean	cat_4	73	cat	dog	0.0000	-31.3179	31.3179	0.03137	pgd_eps=0.03137254901960784_alpha=0.00784313725490196_steps=100_rs=0
clean	cat_4	74	cat	dog	0.0000	-31.3188	31.3188	0.03137	pgd_eps=0.03137254901960784_alpha=0.00784313725490196_steps=100_rs=0
clean	cat_4	75	cat	dog	0.0000	-31.3444	31.3444	0.03137	pgd_eps=0.03137254901960784_alpha=0.00784313725490196_steps=100_rs=0
clean	cat_4	76	cat	dog	0.0000	-31.3527	31.3527	0.03137	pgd_eps=0.03137254901960784_alpha=0.00784313725490196_steps=100_rs=0
clean	cat_4	77	cat	dog	0.0000	-31.9216	31.9216	0.03137	pgd_eps=0.03137254901960784_alpha=0.00784313725490196_steps=100_rs=0
clean	cat_4	78	cat	dog	0.0000	-32.0138	32.0138	0.03137	pgd_eps=0.03137254901960784_alpha=0.00784313725490196_steps=100_rs=0
clean	cat_4	79	cat	dog	0.0000	-31.4247	31.4247	0.03137	pgd_eps=0.03137254901960784_alpha=0.00784313725490196_steps=100_rs=0
clean	cat_4	80	cat	dog	0.0000	-31.5979	31.5979	0.03137	pgd_eps=0.03137254901960784_alpha=0.00784313725490196_steps=100_rs=0
clean	cat_4	81	cat	dog	0.0000	-31.3708	31.3708	0.03137	pgd_eps=0.03137254901960784_alpha=0.00784313725490196_steps=100_rs=0
clean	cat_4	82	cat	dog	0.0000	-32.1837	32.1837	0.03137	pgd_eps=0.03137254901960784_alpha=0.00784313725490196_steps=100_rs=0
clean	cat_4	83	cat	dog	0.0000	-31.8126	31.8126	0.03137	pgd_eps=0.03137254901960784_alpha=0.00784313725490196_steps=100_rs=0
clean	cat_4	84	cat	dog	0.0000	-32.3286	32.3286	0.03137	pgd_eps=0.03137254901960784_alpha=0.00784313725490196_steps=100_rs=0
clean	cat_4	85	cat	dog	0.0000	-31.9181	31.9181	0.03137	pgd_eps=0.03137254901960784_alpha=0.00784313725490196_steps=100_rs=0
clean	cat_4	86	cat	dog	0.0000	-31.9769	31.9769	0.03137	pgd_eps=0.03137254901960784_alpha=0.00784313725490196_steps=100_rs=0
clean	cat_4	87	cat	dog	0.0000	-31.9900	31.9900	0.03137	pgd_eps=0.03137254901960784_alpha=0.00784313725490196_steps=100_rs=0
clean	cat_4	88	cat	dog	0.0000	-31.0261	31.0261	0.03137	pgd_eps=0.03137254901960784_alpha=0.00784313725490196_steps=100_rs=0
clean	cat_4	89	cat	dog	0.0000	-32.1784	32.1784	0.03137	pgd_eps=0.03137254901960784_alpha=0.00784313725490196_steps=100_rs=0
clean	cat_4	90	cat	dog	0.0000	-31.9212	31.9212	0.03137	pgd_eps=0.03137254901960784_alpha=0.00784313725490196_steps=100_rs=0
clean	cat_4	91	cat	dog	0.0000	-32.5112	32.5112	0.03137	pgd_eps=0.03137254901960784_alpha=0.00784313725490196_steps=100_rs=0
clean	cat_4	92	cat	dog	0.0000	-31.2663	31.2663	0.03137	pgd_eps=0.03137254901960784_alpha=0.00784313725490196_steps=100_rs=0
clean	cat_4	93	cat	dog	0.0000	-32.2465	32.2465	0.03137	pgd_eps=0.03137254901960784_alpha=0.00784313725490196_steps=100_rs=0
clean	cat_4	94	cat	dog	0.0000	-32.6028	32.6028	0.03137	pgd_eps=0.03137254901960784_alpha=0.00784313725490196_steps=100_rs=0
clean	cat_4	95	cat	dog	0.0000	-32.7090	32.7090	0.03137	pgd_eps=0.03137254901960784_alpha=0.00784313725490196_steps=100_rs=0
clean	cat_4	96	cat	dog	0.0000	-32.4809	32.4809	0.03137	pgd_eps=0.03137254901960784_alpha=0.00784313725490196_steps=100_rs=0
clean	cat_4	97	cat	dog	0.0000	-32.9308	32.9308	0.03137	pgd_eps=0.03137254901960784_alpha=0.00784313725490196_steps=100_rs=0
clean	cat_4	98	cat	dog	0.0000	-32.5341	32.5341	0.03137	pgd_eps=0.03137254901960784_alpha=0.00784313725490196_steps=100_rs=0
clean	cat_4	99	cat	dog	0.0000	-32.5156	32.5156	0.03137	pgd_eps=0.03137254901960784_alpha=0.00784313725490196_steps=100_rs=0
clean	cat_4	100	cat	dog	0.0000	-32.6503	32.6503	0.03137	pgd_eps=0.03137254901960784_alpha=0.00784313725490196_steps=100_rs=0
adv	cat_0	0	cat	cat	0.4929	0.0314	0.7074	0.00000	pgd_eps=0.03137254901960784_alpha=0.00784313725490196_steps=100_rs=0
adv	cat_0	1	cat	dog	0.4379	-0.2080	0.8257	0.00784	pgd_eps=0.03137254901960784_alpha=0.00784313725490196_steps=100_rs=0
adv	cat_0	2	cat	dog	0.3824	-0.4517	0.9612	0.01569	pgd_eps=0.03137254901960784_alpha=0.00784313725490196_steps=100_rs=0
adv	cat_0	3	cat	dog	0.3246	-0.7142	1.1253	0.02353	pgd_eps=0.03137254901960784_alpha=0.00784313725490196_steps=100_rs=0
adv	cat_0	4	cat	dog	0.2669	-0.9979	1.3208	0.03137	pgd_eps=0.03137254901960784_alpha=0.00784313725490196_steps=100_rs=0
adv	cat_0	5	cat	dog	0.2591	-1.0394	1.3506	0.03137	pgd_eps=0.03137254901960784_alpha=0.00784313725490196_steps=100_rs=0
adv	cat_0	6	cat	dog	0.2514	-1.0806	1.3806	0.03137	pgd_eps=0.03137254901960784_alpha=0.00784313725490196_steps=100_rs=0
adv	cat_0	7	cat	dog	0.2482	-1.0980	1.3935	0.03137	pgd_eps=0.03137254901960784_alpha=0.00784313725490196_steps=100_rs=0
adv	cat_0	8	cat	dog	0.2453	-1.1138	1.4054	0.03137	pgd_eps=0.03137254901960784_alpha=0.00784313725490196_steps=100_rs=0
adv	cat_0	9	cat	dog	0.2441	-1.1203	1.4102	0.03137	pgd_eps=0.03137254901960784_alpha=0.00784313725490196_steps=100_rs=0
adv	cat_0	10	cat	dog	0.2431	-1.1256	1.4143	0.03137	pgd_eps=0.03137254901960784_alpha=0.00784313725490196_steps=100_rs=0
adv	cat_0	11	cat	dog	0.2425	-1.1288	1.4166	0.03137	pgd_eps=0.03137254901960784_alpha=0.00784313725490196_steps=100_rs=0
adv	cat_0	12	cat	dog	0.2421	-1.1313	1.4186	0.03137	pgd_eps=0.03137254901960784_alpha=0.00784313725490196_steps=100_rs=0
adv	cat_0	13	cat	dog	0.2417	-1.1328	1.4199	0.03137	pgd_eps=0.03137254901960784_alpha=0.00784313725490196_steps=100_rs=0
adv	cat_0	14	cat	dog	0.2416	-1.1336	1.4204	0.03137	pgd_eps=0.03137254901960784_alpha=0.00784313725490196_steps=100_rs=0
adv	cat_0	15	cat	dog	0.2414	-1.1346	1.4212	0.03137	pgd_eps=0.03137254901960784_alpha=0.00784313725490196_steps=100_rs=0
adv	cat_0	16	cat	dog	0.2415	-1.1345	1.4210	0.03137	pgd_eps=0.03137254901960784_alpha=0.00784313725490196_steps=100_rs=0
adv	cat_0	17	cat	dog	0.2412	-1.1362	1.4223	0.03137	pgd_eps=0.03137254901960784_alpha=0.00784313725490196_steps=100_rs=0
adv	cat_0	18	cat	dog	0.2411	-1.1365	1.4227	0.03137	pgd_eps=0.03137254901960784_alpha=0.00784313725490196_steps=100_rs=0
adv	cat_0	19	cat	dog	0.2410	-1.1371	1.4230	0.03137	pgd_eps=0.03137254901960784_alpha=0.00784313725490196_steps=100_rs=0
adv	cat_0	20	cat	dog	0.2411	-1.1362	1.4224	0.03137	pgd_eps=0.03137254901960784_alpha=0.00784313725490196_steps=100_rs=0
adv	cat_0	21	cat	dog	0.2409	-1.1376	1.4235	0.03137	pgd_eps=0.03137254901960784_alpha=0.00784313725490196_steps=100_rs=0
adv	cat_0	22	cat	dog	0.2408	-1.1382	1.4239	0.03137	pgd_eps=0.03137254901960784_alpha=0.00784313725490196_steps=100_rs=0
adv	cat_0	23	cat	dog	0.2407	-1.1384	1.4241	0.03137	pgd_eps=0.03137254901960784_alpha=0.00784313725490196_steps=100_rs=0
adv	cat_0	24	cat	dog	0.2407	-1.1386	1.4242	0.03137	pgd_eps=0.03137254901960784_alpha=0.00784313725490196_steps=100_rs=0
adv	cat_0	25	cat	dog	0.2408	-1.1381	1.4240	0.03137	pgd_eps=0.03137254901960784_alpha=0.00784313725490196_steps=100_rs=0
adv	cat_0	26	cat	dog	0.2408	-1.1382	1.4238	0.03137	pgd_eps=0.03137254901960784_alpha=0.00784313725490196_steps=100_rs=0
adv	cat_0	27	cat	dog	0.2407	-1.1384	1.4242	0.03137	pgd_eps=0.03137254901960784_alpha=0.00784313725490196_steps=100_rs=0
adv	cat_0	28	cat	dog	0.2407	-1.1384	1.4241	0.03137	pgd_eps=0.03137254901960784_alpha=0.00784313725490196_steps=100_rs=0
adv	cat_0	29	cat	dog	0.2407	-1.1384	1.4242	0.03137	pgd_eps=0.03137254901960784_alpha=0.00784313725490196_steps=100_rs=0
adv	cat_0	30	cat	dog	0.2408	-1.1383	1.4240	0.03137	pgd_eps=0.03137254901960784_alpha=0.00784313725490196_steps=100_rs=0
adv	cat_0	31	cat	dog	0.2407	-1.1382	1.4241	0.03137	pgd_eps=0.03137254901960784_alpha=0.00784313725490196_steps=100_rs=0
adv	cat_0	32	cat	dog	0.2406	-1.1389	1.4245	0.03137	pgd_eps=0.03137254901960784_alpha=0.00784313725490196_steps=100_rs=0
adv	cat_0	33	cat	dog	0.2407	-1.1386	1.4244	0.03137	pgd_eps=0.03137254901960784_alpha=0.00784313725490196_steps=100_rs=0
adv	cat_0	34	cat	dog	0.2407	-1.1385	1.4242	0.03137	pgd_eps=0.03137254901960784_alpha=0.00784313725490196_steps=100_rs=0
adv	cat_0	35	cat	dog	0.2407	-1.1383	1.4242	0.03137	pgd_eps=0.03137254901960784_alpha=0.00784313725490196_steps=100_rs=0
adv	cat_0	36	cat	dog	0.2406	-1.1388	1.4244	0.03137	pgd_eps=0.03137254901960784_alpha=0.00784313725490196_steps=100_rs=0
adv	cat_0	37	cat	dog	0.2406	-1.1388	1.4245	0.03137	pgd_eps=0.03137254901960784_alpha=0.00784313725490196_steps=100_rs=0
adv	cat_0	38	cat	dog	0.2407	-1.1385	1.4242	0.03137	pgd_eps=0.03137254901960784_alpha=0.00784313725490196_steps=100_rs=0
adv	cat_0	39	cat	dog	0.2407	-1.1384	1.4243	0.03137	pgd_eps=0.03137254901960784_alpha=0.00784313725490196_steps=100_rs=0
adv	cat_0	40	cat	dog	0.2407	-1.1384	1.4242	0.03137	pgd_eps=0.03137254901960784_alpha=0.00784313725490196_steps=100_rs=0
adv	cat_0	41	cat	dog	0.2406	-1.1390	1.4247	0.03137	pgd_eps=0.03137254901960784_alpha=0.00784313725490196_steps=100_rs=0
adv	cat_0	42	cat	dog	0.2407	-1.1383	1.4240	0.03137	pgd_eps=0.03137254901960784_alpha=0.00784313725490196_steps=100_rs=0
adv	cat_0	43	cat	dog	0.2406	-1.1390	1.4248	0.03137	pgd_eps=0.03137254901960784_alpha=0.00784313725490196_steps=100_rs=0
adv	cat_0	44	cat	dog	0.2407	-1.1385	1.4242	0.03137	pgd_eps=0.03137254901960784_alpha=0.00784313725490196_steps=100_rs=0
adv	cat_0	45	cat	dog	0.2405	-1.1392	1.4249	0.03137	pgd_eps=0.03137254901960784_alpha=0.00784313725490196_steps=100_rs=0
adv	cat_0	46	cat	dog	0.2407	-1.1387	1.4244	0.03137	pgd_eps=0.03137254901960784_alpha=0.00784313725490196_steps=100_rs=0
adv	cat_0	47	cat	dog	0.2405	-1.1391	1.4249	0.03137	pgd_eps=0.03137254901960784_alpha=0.00784313725490196_steps=100_rs=0
adv	cat_0	48	cat	dog	0.2406	-1.1387	1.4245	0.03137	pgd_eps=0.03137254901960784_alpha=0.00784313725490196_steps=100_rs=0
adv	cat_0	49	cat	dog	0.2405	-1.1392	1.4250	0.03137	pgd_eps=0.03137254901960784_alpha=0.00784313725490196_steps=100_rs=0
adv	cat_0	50	cat	dog	0.2407	-1.1384	1.4242	0.03137	pgd_eps=0.03137254901960784_alpha=0.00784313725490196_steps=100_rs=0
adv	cat_0	51	cat	dog	0.2406	-1.1391	1.4248	0.03137	pgd_eps=0.03137254901960784_alpha=0.00784313725490196_steps=100_rs=0
adv	cat_0	52	cat	dog	0.2407	-1.1383	1.4241	0.03137	pgd_eps=0.03137254901960784_alpha=0.00784313725490196_steps=100_rs=0
adv	cat_0	53	cat	dog	0.2405	-1.1391	1.4248	0.03137	pgd_eps=0.03137254901960784_alpha=0.00784313725490196_steps=100_rs=0
adv	cat_0	54	cat	dog	0.2406	-1.1385	1.4244	0.03137	pgd_eps=0.03137254901960784_alpha=0.00784313725490196_steps=100_rs=0
adv	cat_0	55	cat	dog	0.2406	-1.1390	1.4247	0.03137	pgd_eps=0.03137254901960784_alpha=0.00784313725490196_steps=100_rs=0
adv	cat_0	56	cat	dog	0.2406	-1.1387	1.4245	0.03137	pgd_eps=0.03137254901960784_alpha=0.00784313725490196_steps=100_rs=0
adv	cat_0	57	cat	dog	0.2405	-1.1393	1.4250	0.03137	pgd_eps=0.03137254901960784_alpha=0.00784313725490196_steps=100_rs=0
adv	cat_0	58	cat	dog	0.2405	-1.1392	1.4249	0.03137	pgd_eps=0.03137254901960784_alpha=0.00784313725490196_steps=100_rs=0
adv	cat_0	59	cat	dog	0.2404	-1.1398	1.4254	0.03137	pgd_eps=0.03137254901960784_alpha=0.00784313725490196_steps=100_rs=0
adv	cat_0	60	cat	dog	0.2405	-1.1392	1.4249	0.03137	pgd_eps=0.03137254901960784_alpha=0.00784313725490196_steps=100_rs=0
adv	cat_0	61	cat	dog	0.2404	-1.1400	1.4255	0.03137	pgd_eps=0.03137254901960784_alpha=0.00784313725490196_steps=100_rs=0
adv	cat_0	62	cat	dog	0.2404	-1.1398	1.4253	0.03137	pgd_eps=0.03137254901960784_alpha=0.00784313725490196_steps=100_rs=0
adv	cat_0	63	cat	dog	0.2404	-1.1400	1.4256	0.03137	pgd_eps=0.03137254901960784_alpha=0.00784313725490196_steps=100_rs=0
adv	cat_0	64	cat	dog	0.2405	-1.1393	1.4250	0.03137	pgd_eps=0.03137254901960784_alpha=0.00784313725490196_steps=100_rs=0
adv	cat_0	65	cat	dog	0.2403	-1.1401	1.4257	0.03137	pgd_eps=0.03137254901960784_alpha=0.00784313725490196_steps=100_rs=0
adv	cat_0	66	cat	dog	0.2404	-1.1400	1.4254	0.03137	pgd_eps=0.03137254901960784_alpha=0.00784313725490196_steps=100_rs=0
adv	cat_0	67	cat	dog	0.2404	-1.1398	1.4254	0.03137	pgd_eps=0.03137254901960784_alpha=0.00784313725490196_steps=100_rs=0
adv	cat_0	68	cat	dog	0.2405	-1.1396	1.4252	0.03137	pgd_eps=0.03137254901960784_alpha=0.00784313725490196_steps=100_rs=0
adv	cat_0	69	cat	dog	0.2404	-1.1400	1.4256	0.03137	pgd_eps=0.03137254901960784_alpha=0.00784313725490196_steps=100_rs=0
adv	cat_0	70	cat	dog	0.2405	-1.1394	1.4250	0.03137	pgd_eps=0.03137254901960784_alpha=0.00784313725490196_steps=100_rs=0
adv	cat_0	71	cat	dog	0.2403	-1.1403	1.4258	0.03137	pgd_eps=0.03137254901960784_alpha=0.00784313725490196_steps=100_rs=0
adv	cat_0	72	cat	dog	0.2403	-1.1407	1.4261	0.03137	pgd_eps=0.03137254901960784_alpha=0.00784313725490196_steps=100_rs=0
adv	cat_0	73	cat	dog	0.2403	-1.1401	1.4257	0.03137	pgd_eps=0.03137254901960784_alpha=0.00784313725490196_steps=100_rs=0
adv	cat_0	74	cat	dog	0.2403	-1.1403	1.4258	0.03137	pgd_eps=0.03137254901960784_alpha=0.00784313725490196_steps=100_rs=0
adv	cat_0	75	cat	dog	0.2403	-1.1403	1.4258	0.03137	pgd_eps=0.03137254901960784_alpha=0.00784313725490196_steps=100_rs=0
adv	cat_0	76	cat	dog	0.2403	-1.1403	1.4257	0.03137	pgd_eps=0.03137254901960784_alpha=0.00784313725490196_steps=100_rs=0
adv	cat_0	77	cat	dog	0.2404	-1.1401	1.4256	0.03137	pgd_eps=0.03137254901960784_alpha=0.00784313725490196_steps=100_rs=0
adv	cat_0	78	cat	dog	0.2403	-1.1402	1.4257	0.03137	pgd_eps=0.03137254901960784_alpha=0.00784313725490196_steps=100_rs=0
adv	cat_0	79	cat	dog	0.2403	-1.1403	1.4258	0.03137	pgd_eps=0.03137254901960784_alpha=0.00784313725490196_steps=100_rs=0
adv	cat_0	80	cat	dog	0.2403	-1.1404	1.4259	0.03137	pgd_eps=0.03137254901960784_alpha=0.00784313725490196_steps=100_rs=0
adv	cat_0	81	cat	dog	0.2403	-1.1406	1.4260	0.03137	pgd_eps=0.03137254901960784_alpha=0.00784313725490196_steps=100_rs=0
adv	cat_0	82	cat	dog	0.2403	-1.1405	1.4260	0.03137	pgd_eps=0.03137254901960784_alpha=0.00784313725490196_steps=100_rs=0
adv	cat_0	83	cat	dog	0.2403	-1.1403	1.4258	0.03137	pgd_eps=0.03137254901960784_alpha=0.00784313725490196_steps=100_rs=0
adv	cat_0	84	cat	dog	0.2403	-1.1402	1.4258	0.03137	pgd_eps=0.03137254901960784_alpha=0.00784313725490196_steps=100_rs=0
adv	cat_0	85	cat	dog	0.2403	-1.1404	1.4259	0.03137	pgd_eps=0.03137254901960784_alpha=0.00784313725490196_steps=100_rs=0
adv	cat_0	86	cat	dog	0.2402	-1.1407	1.4261	0.03137	pgd_eps=0.03137254901960784_alpha=0.00784313725490196_steps=100_rs=0
adv	cat_0	87	cat	dog	0.2403	-1.1405	1.4259	0.03137	pgd_eps=0.03137254901960784_alpha=0.00784313725490196_steps=100_rs=0
adv	cat_0	88	cat	dog	0.2403	-1.1403	1.4258	0.03137	pgd_eps=0.03137254901960784_alpha=0.00784313725490196_steps=100_rs=0
adv	cat_0	89	cat	dog	0.2402	-1.1408	1.4262	0.03137	pgd_eps=0.03137254901960784_alpha=0.00784313725490196_steps=100_rs=0
adv	cat_0	90	cat	dog	0.2403	-1.1402	1.4257	0.03137	pgd_eps=0.03137254901960784_alpha=0.00784313725490196_steps=100_rs=0
adv	cat_0	91	cat	dog	0.2402	-1.1410	1.4264	0.03137	pgd_eps=0.03137254901960784_alpha=0.00784313725490196_steps=100_rs=0
adv	cat_0	92	cat	dog	0.2403	-1.1405	1.4260	0.03137	pgd_eps=0.03137254901960784_alpha=0.00784313725490196_steps=100_rs=0
adv	cat_0	93	cat	dog	0.2402	-1.1411	1.4264	0.03137	pgd_eps=0.03137254901960784_alpha=0.00784313725490196_steps=100_rs=0
adv	cat_0	94	cat	dog	0.2403	-1.1406	1.4261	0.03137	pgd_eps=0.03137254901960784_alpha=0.00784313725490196_steps=100_rs=0
adv	cat_0	95	cat	dog	0.2401	-1.1416	1.4268	0.03137	pgd_eps=0.03137254901960784_alpha=0.00784313725490196_steps=100_rs=0
adv	cat_0	96	cat	dog	0.2403	-1.1406	1.4260	0.03137	pgd_eps=0.03137254901960784_alpha=0.00784313725490196_steps=100_rs=0
adv	cat_0	97	cat	dog	0.2401	-1.1415	1.4267	0.03137	pgd_eps=0.03137254901960784_alpha=0.00784313725490196_steps=100_rs=0
adv	cat_0	98	cat	dog	0.2402	-1.1408	1.4262	0.03137	pgd_eps=0.03137254901960784_alpha=0.00784313725490196_steps=100_rs=0
adv	cat_0	99	cat	dog	0.2401	-1.1416	1.4268	0.03137	pgd_eps=0.03137254901960784_alpha=0.00784313725490196_steps=100_rs=0
adv	cat_0	100	cat	dog	0.2401	-1.1415	1.4267	0.03137	pgd_eps=0.03137254901960784_alpha=0.00784313725490196_steps=100_rs=0
adv	cat_1	0	cat	cat	0.5428	0.9155	0.6110	0.00000	pgd_eps=0.03137254901960784_alpha=0.00784313725490196_steps=100_rs=0
adv	cat_1	1	cat	cat	0.4586	0.6347	0.7796	0.00784	pgd_eps=0.03137254901960784_alpha=0.00784313725490196_steps=100_rs=0
adv	cat_1	2	cat	cat	0.3909	0.4105	0.9394	0.01569	pgd_eps=0.03137254901960784_alpha=0.00784313725490196_steps=100_rs=0
adv	cat_1	3	cat	cat	0.3415	0.2501	1.0744	0.02353	pgd_eps=0.03137254901960784_alpha=0.00784313725490196_steps=100_rs=0
adv	cat_1	4	cat	cat	0.2974	0.1140	1.2127	0.03137	pgd_eps=0.03137254901960784_alpha=0.00784313725490196_steps=100_rs=0
adv	cat_1	5	cat	cat	0.2909	0.1060	1.2349	0.03137	pgd_eps=0.03137254901960784_alpha=0.00784313725490196_steps=100_rs=0
adv	cat_1	6	cat	cat	0.2839	0.0927	1.2590	0.03137	pgd_eps=0.03137254901960784_alpha=0.00784313725490196_steps=100_rs=0
adv	cat_1	7	cat	cat	0.2801	0.0795	1.2727	0.03137	pgd_eps=0.03137254901960784_alpha=0.00784313725490196_steps=100_rs=0
adv	cat_1	8	cat	cat	0.2760	0.0702	1.2872	0.03137	pgd_eps=0.03137254901960784_alpha=0.00784313725490196_steps=100_rs=0
adv	cat_1	9	cat	cat	0.2736	0.0682	1.2960	0.03137	pgd_eps=0.03137254901960784_alpha=0.00784313725490196_steps=100_rs=0
adv	cat_1	10	cat	cat	0.2713	0.0644	1.3046	0.03137	pgd_eps=0.03137254901960784_alpha=0.00784313725490196_steps=100_rs=0
adv	cat_1	11	cat	cat	0.2700	0.0615	1.3094	0.03137	pgd_eps=0.03137254901960784_alpha=0.00784313725490196_steps=100_rs=0
adv	cat_1	12	cat	cat	0.2687	0.0614	1.3142	0.03137	pgd_eps=0.03137254901960784_alpha=0.00784313725490196_steps=100_rs=0
adv	cat_1	13	cat	cat	0.2683	0.0560	1.3155	0.03137	pgd_eps=0.03137254901960784_alpha=0.00784313725490196_steps=100_rs=0
adv	cat_1	14	cat	cat	0.2678	0.0565	1.3173	0.03137	pgd_eps=0.03137254901960784_alpha=0.00784313725490196_steps=100_rs=0
adv	cat_1	15	cat	cat	0.2676	0.0491	1.3184	0.03137	pgd_eps=0.03137254901960784_alpha=0.00784313725490196_steps=100_rs=0
adv	cat_1	16	cat	cat	0.2676	0.0521	1.3184	0.03137	pgd_eps=0.03137254901960784_alpha=0.00784313725490196_steps=100_rs=0
adv	cat_1	17	cat	cat	0.2673	0.0475	1.3193	0.03137	pgd_eps=0.03137254901960784_alpha=0.00784313725490196_steps=100_rs=0
adv	cat_1	18	cat	cat	0.2673	0.0493	1.3195	0.03137	pgd_eps=0.03137254901960784_alpha=0.00784313725490196_steps=100_rs=0
adv	cat_1	19	cat	cat	0.2671	0.0492	1.3201	0.03137	pgd_eps=0.03137254901960784_alpha=0.00784313725490196_steps=100_rs=0
adv	cat_1	20	cat	cat	0.2670	0.0497	1.3204	0.03137	pgd_eps=0.03137254901960784_alpha=0.00784313725490196_steps=100_rs=0
adv	cat_1	21	cat	cat	0.2670	0.0463	1.3207	0.03137	pgd_eps=0.03137254901960784_alpha=0.00784313725490196_steps=100_rs=0
adv	cat_1	22	cat	cat	0.2669	0.0523	1.3210	0.03137	pgd_eps=0.03137254901960784_alpha=0.00784313725490196_steps=100_rs=0
adv	cat_1	23	cat	cat	0.2668	0.0502	1.3212	0.03137	pgd_eps=0.03137254901960784_alpha=0.00784313725490196_steps=100_rs=0
adv	cat_1	24	cat	cat	0.2668	0.0553	1.3213	0.03137	pgd_eps=0.03137254901960784_alpha=0.00784313725490196_steps=100_rs=0
adv	cat_1	25	cat	cat	0.2668	0.0531	1.3213	0.03137	pgd_eps=0.03137254901960784_alpha=0.00784313725490196_steps=100_rs=0
adv	cat_1	26	cat	cat	0.2667	0.0551	1.3215	0.03137	pgd_eps=0.03137254901960784_alpha=0.00784313725490196_steps=100_rs=0
adv	cat_1	27	cat	cat	0.2667	0.0544	1.3217	0.03137	pgd_eps=0.03137254901960784_alpha=0.00784313725490196_steps=100_rs=0
adv	cat_1	28	cat	cat	0.2667	0.0559	1.3215	0.03137	pgd_eps=0.03137254901960784_alpha=0.00784313725490196_steps=100_rs=0
adv	cat_1	29	cat	cat	0.2667	0.0543	1.3217	0.03137	pgd_eps=0.03137254901960784_alpha=0.00784313725490196_steps=100_rs=0
adv	cat_1	30	cat	cat	0.2667	0.0570	1.3216	0.03137	pgd_eps=0.03137254901960784_alpha=0.00784313725490196_steps=100_rs=0
adv	cat_1	31	cat	cat	0.2667	0.0559	1.3217	0.03137	pgd_eps=0.03137254901960784_alpha=0.00784313725490196_steps=100_rs=0
adv	cat_1	32	cat	cat	0.2667	0.0597	1.3218	0.03137	pgd_eps=0.03137254901960784_alpha=0.00784313725490196_steps=100_rs=0
adv	cat_1	33	cat	cat	0.2667	0.0538	1.3217	0.03137	pgd_eps=0.03137254901960784_alpha=0.00784313725490196_steps=100_rs=0
adv	cat_1	34	cat	cat	0.2668	0.0608	1.3214	0.03137	pgd_eps=0.03137254901960784_alpha=0.00784313725490196_steps=100_rs=0
adv	cat_1	35	cat	cat	0.2667	0.0548	1.3218	0.03137	pgd_eps=0.03137254901960784_alpha=0.00784313725490196_steps=100_rs=0
adv	cat_1	36	cat	cat	0.2667	0.0608	1.3215	0.03137	pgd_eps=0.03137254901960784_alpha=0.00784313725490196_steps=100_rs=0
adv	cat_1	37	cat	cat	0.2667	0.0551	1.3217	0.03137	pgd_eps=0.03137254901960784_alpha=0.00784313725490196_steps=100_rs=0
adv	cat_1	38	cat	cat	0.2667	0.0604	1.3215	0.03137	pgd_eps=0.03137254901960784_alpha=0.00784313725490196_steps=100_rs=0
adv	cat_1	39	cat	cat	0.2666	0.0543	1.3218	0.03137	pgd_eps=0.03137254901960784_alpha=0.00784313725490196_steps=100_rs=0
adv	cat_1	40	cat	cat	0.2667	0.0592	1.3215	0.03137	pgd_eps=0.03137254901960784_alpha=0.00784313725490196_steps=100_rs=0
adv	cat_1	41	cat	cat	0.2667	0.0549	1.3218	0.03137	pgd_eps=0.03137254901960784_alpha=0.00784313725490196_steps=100_rs=0
adv	cat_1	42	cat	cat	0.2668	0.0599	1.3214	0.03137	pgd_eps=0.03137254901960784_alpha=0.00784313725490196_steps=100_rs=0
adv	cat_1	43	cat	cat	0.2666	0.0556	1.3219	0.03137	pgd_eps=0.03137254901960784_alpha=0.00784313725490196_steps=100_rs=0
adv	cat_1	44	cat	cat	0.2667	0.0605	1.3216	0.03137	pgd_eps=0.03137254901960784_alpha=0.00784313725490196_steps=100_rs=0
adv	cat_1	45	cat	cat	0.2666	0.0560	1.3219	0.03137	pgd_eps=0.03137254901960784_alpha=0.00784313725490196_steps=100_rs=0
adv	cat_1	46	cat	cat	0.2667	0.0613	1.3218	0.03137	pgd_eps=0.03137254901960784_alpha=0.00784313725490196_steps=100_rs=0
adv	cat_1	47	cat	cat	0.2665	0.0551	1.3223	0.03137	pgd_eps=0.03137254901960784_alpha=0.00784313725490196_steps=100_rs=0
adv	cat_1	48	cat	cat	0.2666	0.0579	1.3219	0.03137	pgd_eps=0.03137254901960784_alpha=0.00784313725490196_steps=100_rs=0
adv	cat_1	49	cat	cat	0.2666	0.0562	1.3220	0.03137	pgd_eps=0.03137254901960784_alpha=0.00784313725490196_steps=100_rs=0
adv	cat_1	50	cat	cat	0.2667	0.0603	1.3217	0.03137	pgd_eps=0.03137254901960784_alpha=0.00784313725490196_steps=100_rs=0
adv	cat_1	51	cat	cat	0.2666	0.0557	1.3221	0.03137	pgd_eps=0.03137254901960784_alpha=0.00784313725490196_steps=100_rs=0
adv	cat_1	52	cat	cat	0.2667	0.0604	1.3216	0.03137	pgd_eps=0.03137254901960784_alpha=0.00784313725490196_steps=100_rs=0
adv	cat_1	53	cat	cat	0.2666	0.0553	1.3219	0.03137	pgd_eps=0.03137254901960784_alpha=0.00784313725490196_steps=100_rs=0
adv	cat_1	54	cat	cat	0.2667	0.0612	1.3217	0.03137	pgd_eps=0.03137254901960784_alpha=0.00784313725490196_steps=100_rs=0
adv	cat_1	55	cat	cat	0.2666	0.0553	1.3221	0.03137	pgd_eps=0.03137254901960784_alpha=0.00784313725490196_steps=100_rs=0
adv	cat_1	56	cat	cat	0.2667	0.0619	1.3217	0.03137	pgd_eps=0.03137254901960784_alpha=0.00784313725490196_steps=100_rs=0
adv	cat_1	57	cat	cat	0.2666	0.0562	1.3220	0.03137	pgd_eps=0.03137254901960784_alpha=0.00784313725490196_steps=100_rs=0
adv	cat_1	58	cat	cat	0.2667	0.0618	1.3216	0.03137	pgd_eps=0.03137254901960784_alpha=0.00784313725490196_steps=100_rs=0
adv	cat_1	59	cat	cat	0.2666	0.0560	1.3220	0.03137	pgd_eps=0.03137254901960784_alpha=0.00784313725490196_steps=100_rs=0
adv	cat_1	60	cat	cat	0.2666	0.0610	1.3220	0.03137	pgd_eps=0.03137254901960784_alpha=0.00784313725490196_steps=100_rs=0
adv	cat_1	61	cat	cat	0.2665	0.0550	1.3222	0.03137	pgd_eps=0.03137254901960784_alpha=0.00784313725490196_steps=100_rs=0
adv	cat_1	62	cat	cat	0.2666	0.0595	1.3220	0.03137	pgd_eps=0.03137254901960784_alpha=0.00784313725490196_steps=100_rs=0
adv	cat_1	63	cat	cat	0.2666	0.0549	1.3222	0.03137	pgd_eps=0.03137254901960784_alpha=0.00784313725490196_steps=100_rs=0
adv	cat_1	64	cat	cat	0.2666	0.0604	1.3222	0.03137	pgd_eps=0.03137254901960784_alpha=0.00784313725490196_steps=100_rs=0
adv	cat_1	65	cat	cat	0.2666	0.0555	1.3221	0.03137	pgd_eps=0.03137254901960784_alpha=0.00784313725490196_steps=100_rs=0
adv	cat_1	66	cat	cat	0.2666	0.0606	1.3221	0.03137	pgd_eps=0.03137254901960784_alpha=0.00784313725490196_steps=100_rs=0
adv	cat_1	67	cat	cat	0.2666	0.0545	1.3221	0.03137	pgd_eps=0.03137254901960784_alpha=0.00784313725490196_steps=100_rs=0
adv	cat_1	68	cat	cat	0.2665	0.0599	1.3223	0.03137	pgd_eps=0.03137254901960784_alpha=0.00784313725490196_steps=100_rs=0
adv	cat_1	69	cat	cat	0.2666	0.0554	1.3221	0.03137	pgd_eps=0.03137254901960784_alpha=0.00784313725490196_steps=100_rs=0
adv	cat_1	70	cat	cat	0.2665	0.0596	1.3226	0.03137	pgd_eps=0.03137254901960784_alpha=0.00784313725490196_steps=100_rs=0
adv	cat_1	71	cat	cat	0.2664	0.0569	1.3227	0.03137	pgd_eps=0.03137254901960784_alpha=0.00784313725490196_steps=100_rs=0
adv	cat_1	72	cat	cat	0.2665	0.0591	1.3225	0.03137	pgd_eps=0.03137254901960784_alpha=0.00784313725490196_steps=100_rs=0
adv	cat_1	73	cat	cat	0.2664	0.0580	1.3226	0.03137	pgd_eps=0.03137254901960784_alpha=0.00784313725490196_steps=100_rs=0
adv	cat_1	74	cat	cat	0.2664	0.0590	1.3228	0.03137	pgd_eps=0.03137254901960784_alpha=0.00784313725490196_steps=100_rs=0
adv	cat_1	75	cat	cat	0.2664	0.0576	1.3227	0.03137	pgd_eps=0.03137254901960784_alpha=0.00784313725490196_steps=100_rs=0
adv	cat_1	76	cat	cat	0.2664	0.0582	1.3227	0.03137	pgd_eps=0.03137254901960784_alpha=0.00784313725490196_steps=100_rs=0
adv	cat_1	77	cat	cat	0.2664	0.0566	1.3226	0.03137	pgd_eps=0.03137254901960784_alpha=0.00784313725490196_steps=100_rs=0
adv	cat_1	78	cat	cat	0.2664	0.0566	1.3229	0.03137	pgd_eps=0.03137254901960784_alpha=0.00784313725490196_steps=100_rs=0
adv	cat_1	79	cat	cat	0.2665	0.0569	1.3223	0.03137	pgd_eps=0.03137254901960784_alpha=0.00784313725490196_steps=100_rs=0
adv	cat_1	80	cat	cat	0.2664	0.0581	1.3229	0.03137	pgd_eps=0.03137254901960784_alpha=0.00784313725490196_steps=100_rs=0
adv	cat_1	81	cat	cat	0.2664	0.0557	1.3229	0.03137	pgd_eps=0.03137254901960784_alpha=0.00784313725490196_steps=100_rs=0
adv	cat_1	82	cat	cat	0.2664	0.0584	1.3229	0.03137	pgd_eps=0.03137254901960784_alpha=0.00784313725490196_steps=100_rs=0
adv	cat_1	83	cat	cat	0.2664	0.0558	1.3226	0.03137	pgd_eps=0.03137254901960784_alpha=0.00784313725490196_steps=100_rs=0
adv	cat_1	84	cat	cat	0.2664	0.0600	1.3229	0.03137	pgd_eps=0.03137254901960784_alpha=0.00784313725490196_steps=100_rs=0
adv	cat_1	85	cat	cat	0.2663	0.0566	1.3230	0.03137	pgd_eps=0.03137254901960784_alpha=0.00784313725490196_steps=100_rs=0
adv	cat_1	86	cat	cat	0.2664	0.0582	1.3227	0.03137	pgd_eps=0.03137254901960784_alpha=0.00784313725490196_steps=100_rs=0
adv	cat_1	87	cat	cat	0.2664	0.0552	1.3226	0.03137	pgd_eps=0.03137254901960784_alpha=0.00784313725490196_steps=100_rs=0
adv	cat_1	88	cat	cat	0.2664	0.0590	1.3228	0.03137	pgd_eps=0.03137254901960784_alpha=0.00784313725490196_steps=100_rs=0
adv	cat_1	89	cat	cat	0.2665	0.0548	1.3225	0.03137	pgd_eps=0.03137254901960784_alpha=0.00784313725490196_steps=100_rs=0
adv	cat_1	90	cat	cat	0.2664	0.0596	1.3228	0.03137	pgd_eps=0.03137254901960784_alpha=0.00784313725490196_steps=100_rs=0
adv	cat_1	91	cat	cat	0.2664	0.0556	1.3226	0.03137	pgd_eps=0.03137254901960784_alpha=0.00784313725490196_steps=100_rs=0
adv	cat_1	92	cat	cat	0.2663	0.0582	1.3230	0.03137	pgd_eps=0.03137254901960784_alpha=0.00784313725490196_steps=100_rs=0
adv	cat_1	93	cat	cat	0.2664	0.0551	1.3227	0.03137	pgd_eps=0.03137254901960784_alpha=0.00784313725490196_steps=100_rs=0
adv	cat_1	94	cat	cat	0.2664	0.0584	1.3229	0.03137	pgd_eps=0.03137254901960784_alpha=0.00784313725490196_steps=100_rs=0
adv	cat_1	95	cat	cat	0.2664	0.0560	1.3227	0.03137	pgd_eps=0.03137254901960784_alpha=0.00784313725490196_steps=100_rs=0
adv	cat_1	96	cat	cat	0.2663	0.0594	1.3230	0.03137	pgd_eps=0.03137254901960784_alpha=0.00784313725490196_steps=100_rs=0
adv	cat_1	97	cat	cat	0.2664	0.0555	1.3229	0.03137	pgd_eps=0.03137254901960784_alpha=0.00784313725490196_steps=100_rs=0
adv	cat_1	98	cat	cat	0.2663	0.0591	1.3232	0.03137	pgd_eps=0.03137254901960784_alpha=0.00784313725490196_steps=100_rs=0
adv	cat_1	99	cat	cat	0.2664	0.0548	1.3226	0.03137	pgd_eps=0.03137254901960784_alpha=0.00784313725490196_steps=100_rs=0
adv	cat_1	100	cat	cat	0.2663	0.0595	1.3232	0.03137	pgd_eps=0.03137254901960784_alpha=0.00784313725490196_steps=100_rs=0
adv	cat_2	0	cat	cat	0.6297	0.9759	0.4626	0.00000	pgd_eps=0.03137254901960784_alpha=0.00784313725490196_steps=100_rs=0
adv	cat_2	1	cat	cat	0.5890	0.8787	0.5293	0.00784	pgd_eps=0.03137254901960784_alpha=0.00784313725490196_steps=100_rs=0
adv	cat_2	2	cat	cat	0.5443	0.8032	0.6083	0.01569	pgd_eps=0.03137254901960784_alpha=0.00784313725490196_steps=100_rs=0
adv	cat_2	3	cat	cat	0.4989	0.7748	0.6954	0.02353	pgd_eps=0.03137254901960784_alpha=0.00784313725490196_steps=100_rs=0
adv	cat_2	4	cat	cat	0.4448	0.4511	0.8101	0.03137	pgd_eps=0.03137254901960784_alpha=0.00784313725490196_steps=100_rs=0
adv	cat_2	5	cat	cat	0.4355	0.3401	0.8313	0.03137	pgd_eps=0.03137254901960784_alpha=0.00784313725490196_steps=100_rs=0
adv	cat_2	6	cat	cat	0.4241	0.2198	0.8577	0.03137	pgd_eps=0.03137254901960784_alpha=0.00784313725490196_steps=100_rs=0
adv	cat_2	7	cat	cat	0.4154	0.1292	0.8785	0.03137	pgd_eps=0.03137254901960784_alpha=0.00784313725490196_steps=100_rs=0
adv	cat_2	8	cat	cat	0.4057	0.0400	0.9022	0.03137	pgd_eps=0.03137254901960784_alpha=0.00784313725490196_steps=100_rs=0
adv	cat_2	9	cat	bird	0.3989	-0.0175	0.9190	0.03137	pgd_eps=0.03137254901960784_alpha=0.00784313725490196_steps=100_rs=0
adv	cat_2	10	cat	bird	0.3918	-0.0792	0.9371	0.03137	pgd_eps=0.03137254901960784_alpha=0.00784313725490196_steps=100_rs=0
adv	cat_2	11	cat	bird	0.3878	-0.1129	0.9473	0.03137	pgd_eps=0.03137254901960784_alpha=0.00784313725490196_steps=100_rs=0
adv	cat_2	12	cat	bird	0.3837	-0.1449	0.9580	0.03137	pgd_eps=0.03137254901960784_alpha=0.00784313725490196_steps=100_rs=0
adv	cat_2	13	cat	bird	0.3812	-0.1667	0.9643	0.03137	pgd_eps=0.03137254901960784_alpha=0.00784313725490196_steps=100_rs=0
adv	cat_2	14	cat	bird	0.3791	-0.1839	0.9698	0.03137	pgd_eps=0.03137254901960784_alpha=0.00784313725490196_steps=100_rs=0
adv	cat_2	15	cat	bird	0.3772	-0.1990	0.9750	0.03137	pgd_eps=0.03137254901960784_alpha=0.00784313725490196_steps=100_rs=0
adv	cat_2	16	cat	bird	0.3758	-0.2117	0.9786	0.03137	pgd_eps=0.03137254901960784_alpha=0.00784313725490196_steps=100_rs=0
adv	cat_2	17	cat	bird	0.3746	-0.2205	0.9819	0.03137	pgd_eps=0.03137254901960784_alpha=0.00784313725490196_steps=100_rs=0
adv	cat_2	18	cat	bird	0.3734	-0.2315	0.9851	0.03137	pgd_eps=0.03137254901960784_alpha=0.00784313725490196_steps=100_rs=0
adv	cat_2	19	cat	bird	0.3723	-0.2385	0.9880	0.03137	pgd_eps=0.03137254901960784_alpha=0.00784313725490196_steps=100_rs=0
adv	cat_2	20	cat	bird	0.3717	-0.2439	0.9897	0.03137	pgd_eps=0.03137254901960784_alpha=0.00784313725490196_steps=100_rs=0
adv	cat_2	21	cat	bird	0.3707	-0.2495	0.9925	0.03137	pgd_eps=0.03137254901960784_alpha=0.00784313725490196_steps=100_rs=0
adv	cat_2	22	cat	bird	0.3701	-0.2548	0.9940	0.03137	pgd_eps=0.03137254901960784_alpha=0.00784313725490196_steps=100_rs=0
adv	cat_2	23	cat	bird	0.3692	-0.2582	0.9963	0.03137	pgd_eps=0.03137254901960784_alpha=0.00784313725490196_steps=100_rs=0
adv	cat_2	24	cat	bird	0.3686	-0.2649	0.9981	0.03137	pgd_eps=0.03137254901960784_alpha=0.00784313725490196_steps=100_rs=0
adv	cat_2	25	cat	bird	0.3681	-0.2665	0.9995	0.03137	pgd_eps=0.03137254901960784_alpha=0.00784313725490196_steps=100_rs=0
adv	cat_2	26	cat	bird	0.3676	-0.2721	1.0008	0.03137	pgd_eps=0.03137254901960784_alpha=0.00784313725490196_steps=100_rs=0
adv	cat_2	27	cat	bird	0.3672	-0.2731	1.0018	0.03137	pgd_eps=0.03137254901960784_alpha=0.00784313725490196_steps=100_rs=0
adv	cat_2	28	cat	bird	0.3671	-0.2765	1.0022	0.03137	pgd_eps=0.03137254901960784_alpha=0.00784313725490196_steps=100_rs=0
adv	cat_2	29	cat	bird	0.3670	-0.2742	1.0023	0.03137	pgd_eps=0.03137254901960784_alpha=0.00784313725490196_steps=100_rs=0
adv	cat_2	30	cat	bird	0.3670	-0.2772	1.0024	0.03137	pgd_eps=0.03137254901960784_alpha=0.00784313725490196_steps=100_rs=0
adv	cat_2	31	cat	bird	0.3668	-0.2758	1.0030	0.03137	pgd_eps=0.03137254901960784_alpha=0.00784313725490196_steps=100_rs=0
adv	cat_2	32	cat	bird	0.3666	-0.2793	1.0033	0.03137	pgd_eps=0.03137254901960784_alpha=0.00784313725490196_steps=100_rs=0
adv	cat_2	33	cat	bird	0.3666	-0.2767	1.0035	0.03137	pgd_eps=0.03137254901960784_alpha=0.00784313725490196_steps=100_rs=0
adv	cat_2	34	cat	bird	0.3664	-0.2810	1.0040	0.03137	pgd_eps=0.03137254901960784_alpha=0.00784313725490196_steps=100_rs=0
adv	cat_2	35	cat	bird	0.3665	-0.2786	1.0039	0.03137	pgd_eps=0.03137254901960784_alpha=0.00784313725490196_steps=100_rs=0
adv	cat_2	36	cat	bird	0.3663	-0.2812	1.0043	0.03137	pgd_eps=0.03137254901960784_alpha=0.00784313725490196_steps=100_rs=0
adv	cat_2	37	cat	bird	0.3662	-0.2806	1.0046	0.03137	pgd_eps=0.03137254901960784_alpha=0.00784313725490196_steps=100_rs=0
adv	cat_2	38	cat	bird	0.3662	-0.2819	1.0047	0.03137	pgd_eps=0.03137254901960784_alpha=0.00784313725490196_steps=100_rs=0
adv	cat_2	39	cat	bird	0.3661	-0.2820	1.0048	0.03137	pgd_eps=0.03137254901960784_alpha=0.00784313725490196_steps=100_rs=0
adv	cat_2	40	cat	bird	0.3661	-0.2818	1.0048	0.03137	pgd_eps=0.03137254901960784_alpha=0.00784313725490196_steps=100_rs=0
adv	cat_2	41	cat	bird	0.3661	-0.2809	1.0048	0.03137	pgd_eps=0.03137254901960784_alpha=0.00784313725490196_steps=100_rs=0
adv	cat_2	42	cat	bird	0.3659	-0.2825	1.0053	0.03137	pgd_eps=0.03137254901960784_alpha=0.00784313725490196_steps=100_rs=0
adv	cat_2	43	cat	bird	0.3660	-0.2813	1.0050	0.03137	pgd_eps=0.03137254901960784_alpha=0.00784313725490196_steps=100_rs=0
adv	cat_2	44	cat	bird	0.3659	-0.2824	1.0055	0.03137	pgd_eps=0.03137254901960784_alpha=0.00784313725490196_steps=100_rs=0
adv	cat_2	45	cat	bird	0.3660	-0.2821	1.0052	0.03137	pgd_eps=0.03137254901960784_alpha=0.00784313725490196_steps=100_rs=0
adv	cat_2	46	cat	bird	0.3657	-0.2834	1.0060	0.03137	pgd_eps=0.03137254901960784_alpha=0.00784313725490196_steps=100_rs=0
adv	cat_2	47	cat	bird	0.3659	-0.2825	1.0055	0.03137	pgd_eps=0.03137254901960784_alpha=0.00784313725490196_steps=100_rs=0
adv	cat_2	48	cat	bird	0.3657	-0.2832	1.0059	0.03137	pgd_eps=0.03137254901960784_alpha=0.00784313725490196_steps=100_rs=0
adv	cat_2	49	cat	bird	0.3658	-0.2828	1.0057	0.03137	pgd_eps=0.03137254901960784_alpha=0.00784313725490196_steps=100_rs=0
adv	cat_2	50	cat	bird	0.3656	-0.2842	1.0063	0.03137	pgd_eps=0.03137254901960784_alpha=0.00784313725490196_steps=100_rs=0
adv	cat_2	51	cat	bird	0.3658	-0.2824	1.0056	0.03137	pgd_eps=0.03137254901960784_alpha=0.00784313725490196_steps=100_rs=0
adv	cat_2	52	cat	bird	0.3656	-0.2842	1.0062	0.03137	pgd_eps=0.03137254901960784_alpha=0.00784313725490196_steps=100_rs=0
adv	cat_2	53	cat	bird	0.3658	-0.2828	1.0056	0.03137	pgd_eps=0.03137254901960784_alpha=0.00784313725490196_steps=100_rs=0
adv	cat_2	54	cat	bird	0.3655	-0.2849	1.0065	0.03137	pgd_eps=0.03137254901960784_alpha=0.00784313725490196_steps=100_rs=0
adv	cat_2	55	cat	bird	0.3657	-0.2837	1.0060	0.03137	pgd_eps=0.03137254901960784_alpha=0.00784313725490196_steps=100_rs=0
adv	cat_2	56	cat	bird	0.3655	-0.2845	1.0064	0.03137	pgd_eps=0.03137254901960784_alpha=0.00784313725490196_steps=100_rs=0
adv	cat_2	57	cat	bird	0.3654	-0.2860	1.0066	0.03137	pgd_eps=0.03137254901960784_alpha=0.00784313725490196_steps=100_rs=0
adv	cat_2	58	cat	bird	0.3656	-0.2857	1.0063	0.03137	pgd_eps=0.03137254901960784_alpha=0.00784313725490196_steps=100_rs=0
adv	cat_2	59	cat	bird	0.3655	-0.2856	1.0064	0.03137	pgd_eps=0.03137254901960784_alpha=0.00784313725490196_steps=100_rs=0
adv	cat_2	60	cat	bird	0.3656	-0.2857	1.0062	0.03137	pgd_eps=0.03137254901960784_alpha=0.00784313725490196_steps=100_rs=0
adv	cat_2	61	cat	bird	0.3655	-0.2863	1.0066	0.03137	pgd_eps=0.03137254901960784_alpha=0.00784313725490196_steps=100_rs=0
adv	cat_2	62	cat	bird	0.3656	-0.2856	1.0062	0.03137	pgd_eps=0.03137254901960784_alpha=0.00784313725490196_steps=100_rs=0
adv	cat_2	63	cat	bird	0.3655	-0.2862	1.0066	0.03137	pgd_eps=0.03137254901960784_alpha=0.00784313725490196_steps=100_rs=0
adv	cat_2	64	cat	bird	0.3656	-0.2856	1.0062	0.03137	pgd_eps=0.03137254901960784_alpha=0.00784313725490196_steps=100_rs=0
adv	cat_2	65	cat	bird	0.3654	-0.2865	1.0067	0.03137	pgd_eps=0.03137254901960784_alpha=0.00784313725490196_steps=100_rs=0
adv	cat_2	66	cat	bird	0.3657	-0.2853	1.0060	0.03137	pgd_eps=0.03137254901960784_alpha=0.00784313725490196_steps=100_rs=0
adv	cat_2	67	cat	bird	0.3655	-0.2861	1.0066	0.03137	pgd_eps=0.03137254901960784_alpha=0.00784313725490196_steps=100_rs=0
adv	cat_2	68	cat	bird	0.3656	-0.2856	1.0062	0.03137	pgd_eps=0.03137254901960784_alpha=0.00784313725490196_steps=100_rs=0
adv	cat_2	69	cat	bird	0.3654	-0.2864	1.0067	0.03137	pgd_eps=0.03137254901960784_alpha=0.00784313725490196_steps=100_rs=0
adv	cat_2	70	cat	bird	0.3656	-0.2858	1.0063	0.03137	pgd_eps=0.03137254901960784_alpha=0.00784313725490196_steps=100_rs=0
adv	cat_2	71	cat	bird	0.3655	-0.2858	1.0064	0.03137	pgd_eps=0.03137254901960784_alpha=0.00784313725490196_steps=100_rs=0
adv	cat_2	72	cat	bird	0.3656	-0.2856	1.0061	0.03137	pgd_eps=0.03137254901960784_alpha=0.00784313725490196_steps=100_rs=0
adv	cat_2	73	cat	bird	0.3654	-0.2864	1.0068	0.03137	pgd_eps=0.03137254901960784_alpha=0.00784313725490196_steps=100_rs=0
adv	cat_2	74	cat	bird	0.3657	-0.2855	1.0061	0.03137	pgd_eps=0.03137254901960784_alpha=0.00784313725490196_steps=100_rs=0
adv	cat_2	75	cat	bird	0.3655	-0.2852	1.0065	0.03137	pgd_eps=0.03137254901960784_alpha=0.00784313725490196_steps=100_rs=0
adv	cat_2	76	cat	bird	0.3656	-0.2857	1.0062	0.03137	pgd_eps=0.03137254901960784_alpha=0.00784313725490196_steps=100_rs=0
adv	cat_2	77	cat	bird	0.3654	-0.2863	1.0068	0.03137	pgd_eps=0.03137254901960784_alpha=0.00784313725490196_steps=100_rs=0
adv	cat_2	78	cat	bird	0.3656	-0.2859	1.0063	0.03137	pgd_eps=0.03137254901960784_alpha=0.00784313725490196_steps=100_rs=0
adv	cat_2	79	cat	bird	0.3655	-0.2857	1.0066	0.03137	pgd_eps=0.03137254901960784_alpha=0.00784313725490196_steps=100_rs=0
adv	cat_2	80	cat	bird	0.3657	-0.2853	1.0060	0.03137	pgd_eps=0.03137254901960784_alpha=0.00784313725490196_steps=100_rs=0
adv	cat_2	81	cat	bird	0.3654	-0.2864	1.0068	0.03137	pgd_eps=0.03137254901960784_alpha=0.00784313725490196_steps=100_rs=0
adv	cat_2	82	cat	bird	0.3656	-0.2856	1.0062	0.03137	pgd_eps=0.03137254901960784_alpha=0.00784313725490196_steps=100_rs=0
adv	cat_2	83	cat	bird	0.3654	-0.2860	1.0066	0.03137	pgd_eps=0.03137254901960784_alpha=0.00784313725490196_steps=100_rs=0
adv	cat_2	84	cat	bird	0.3655	-0.2860	1.0064	0.03137	pgd_eps=0.03137254901960784_alpha=0.00784313725490196_steps=100_rs=0
adv	cat_2	85	cat	bird	0.3654	-0.2865	1.0066	0.03137	pgd_eps=0.03137254901960784_alpha=0.00784313725490196_steps=100_rs=0
adv	cat_2	86	cat	bird	0.3655	-0.2860	1.0064	0.03137	pgd_eps=0.03137254901960784_alpha=0.00784313725490196_steps=100_rs=0
adv	cat_2	87	cat	bird	0.3655	-0.2858	1.0065	0.03137	pgd_eps=0.03137254901960784_alpha=0.00784313725490196_steps=100_rs=0
adv	cat_2	88	cat	bird	0.3656	-0.2860	1.0062	0.03137	pgd_eps=0.03137254901960784_alpha=0.00784313725490196_steps=100_rs=0
adv	cat_2	89	cat	bird	0.3655	-0.2856	1.0064	0.03137	pgd_eps=0.03137254901960784_alpha=0.00784313725490196_steps=100_rs=0
adv	cat_2	90	cat	bird	0.3656	-0.2856	1.0063	0.03137	pgd_eps=0.03137254901960784_alpha=0.00784313725490196_steps=100_rs=0
adv	cat_2	91	cat	bird	0.3654	-0.2865	1.0068	0.03137	pgd_eps=0.03137254901960784_alpha=0.00784313725490196_steps=100_rs=0
adv	cat_2	92	cat	bird	0.3656	-0.2856	1.0061	0.03137	pgd_eps=0.03137254901960784_alpha=0.00784313725490196_steps=100_rs=0
adv	cat_2	93	cat	bird	0.3655	-0.2858	1.0065	0.03137	pgd_eps=0.03137254901960784_alpha=0.00784313725490196_steps=100_rs=0
adv	cat_2	94	cat	bird	0.3657	-0.2854	1.0061	0.03137	pgd_eps=0.03137254901960784_alpha=0.00784313725490196_steps=100_rs=0
adv	cat_2	95	cat	bird	0.3654	-0.2863	1.0067	0.03137	pgd_eps=0.03137254901960784_alpha=0.00784313725490196_steps=100_rs=0
adv	cat_2	96	cat	bird	0.3656	-0.2857	1.0062	0.03137	pgd_eps=0.03137254901960784_alpha=0.00784313725490196_steps=100_rs=0
adv	cat_2	97	cat	bird	0.3654	-0.2866	1.0067	0.03137	pgd_eps=0.03137254901960784_alpha=0.00784313725490196_steps=100_rs=0
adv	cat_2	98	cat	bird	0.3657	-0.2856	1.0060	0.03137	pgd_eps=0.03137254901960784_alpha=0.00784313725490196_steps=100_rs=0
adv	cat_2	99	cat	bird	0.3655	-0.2861	1.0066	0.03137	pgd_eps=0.03137254901960784_alpha=0.00784313725490196_steps=100_rs=0
adv	cat_2	100	cat	bird	0.3656	-0.2858	1.0062	0.03137	pgd_eps=0.03137254901960784_alpha=0.00784313725490196_steps=100_rs=0
adv	cat_3	0	cat	dog	0.2657	-0.1713	1.3252	0.00000	pgd_eps=0.03137254901960784_alpha=0.00784313725490196_steps=100_rs=0
adv	cat_3	1	cat	dog	0.2244	-0.4154	1.4943	0.00784	pgd_eps=0.03137254901960784_alpha=0.00784313725490196_steps=100_rs=0
adv	cat_3	2	cat	dog	0.1843	-0.6167	1.6911	0.01569	pgd_eps=0.03137254901960784_alpha=0.00784313725490196_steps=100_rs=0
adv	cat_3	3	cat	dog	0.1447	-0.8015	1.9332	0.02353	pgd_eps=0.03137254901960784_alpha=0.00784313725490196_steps=100_rs=0
adv	cat_3	4	cat	horse	0.1055	-1.2038	2.2487	0.03137	pgd_eps=0.03137254901960784_alpha=0.00784313725490196_steps=100_rs=0
adv	cat_3	5	cat	horse	0.0980	-1.4165	2.3229	0.03137	pgd_eps=0.03137254901960784_alpha=0.00784313725490196_steps=100_rs=0
adv	cat_3	6	cat	horse	0.0903	-1.6151	2.4050	0.03137	pgd_eps=0.03137254901960784_alpha=0.00784313725490196_steps=100_rs=0
adv	cat_3	7	cat	horse	0.0865	-1.7208	2.4475	0.03137	pgd_eps=0.03137254901960784_alpha=0.00784313725490196_steps=100_rs=0
adv	cat_3	8	cat	horse	0.0828	-1.8215	2.4916	0.03137	pgd_eps=0.03137254901960784_alpha=0.00784313725490196_steps=100_rs=0
adv	cat_3	9	cat	horse	0.0805	-1.8847	2.5200	0.03137	pgd_eps=0.03137254901960784_alpha=0.00784313725490196_steps=100_rs=0
adv	cat_3	10	cat	horse	0.0783	-1.9436	2.5474	0.03137	pgd_eps=0.03137254901960784_alpha=0.00784313725490196_steps=100_rs=0
adv	cat_3	11	cat	horse	0.0768	-1.9874	2.5668	0.03137	pgd_eps=0.03137254901960784_alpha=0.00784313725490196_steps=100_rs=0
adv	cat_3	12	cat	horse	0.0753	-2.0307	2.5865	0.03137	pgd_eps=0.03137254901960784_alpha=0.00784313725490196_steps=100_rs=0
adv	cat_3	13	cat	horse	0.0747	-2.0468	2.5939	0.03137	pgd_eps=0.03137254901960784_alpha=0.00784313725490196_steps=100_rs=0
adv	cat_3	14	cat	horse	0.0740	-2.0644	2.6033	0.03137	pgd_eps=0.03137254901960784_alpha=0.00784313725490196_steps=100_rs=0
adv	cat_3	15	cat	horse	0.0737	-2.0760	2.6074	0.03137	pgd_eps=0.03137254901960784_alpha=0.00784313725490196_steps=100_rs=0
adv	cat_3	16	cat	horse	0.0733	-2.0871	2.6134	0.03137	pgd_eps=0.03137254901960784_alpha=0.00784313725490196_steps=100_rs=0
adv	cat_3	17	cat	horse	0.0730	-2.0961	2.6167	0.03137	pgd_eps=0.03137254901960784_alpha=0.00784313725490196_steps=100_rs=0
adv	cat_3	18	cat	horse	0.0728	-2.1043	2.6200	0.03137	pgd_eps=0.03137254901960784_alpha=0.00784313725490196_steps=100_rs=0
adv	cat_3	19	cat	horse	0.0726	-2.1102	2.6231	0.03137	pgd_eps=0.03137254901960784_alpha=0.00784313725490196_steps=100_rs=0
adv	cat_3	20	cat	horse	0.0724	-2.1157	2.6252	0.03137	pgd_eps=0.03137254901960784_alpha=0.00784313725490196_steps=100_rs=0
adv	cat_3	21	cat	horse	0.0722	-2.1207	2.6282	0.03137	pgd_eps=0.03137254901960784_alpha=0.00784313725490196_steps=100_rs=0
adv	cat_3	22	cat	horse	0.0721	-2.1269	2.6294	0.03137	pgd_eps=0.03137254901960784_alpha=0.00784313725490196_steps=100_rs=0
adv	cat_3	23	cat	horse	0.0719	-2.1306	2.6329	0.03137	pgd_eps=0.03137254901960784_alpha=0.00784313725490196_steps=100_rs=0
adv	cat_3	24	cat	horse	0.0717	-2.1381	2.6347	0.03137	pgd_eps=0.03137254901960784_alpha=0.00784313725490196_steps=100_rs=0
adv	cat_3	25	cat	horse	0.0716	-2.1371	2.6365	0.03137	pgd_eps=0.03137254901960784_alpha=0.00784313725490196_steps=100_rs=0
adv	cat_3	26	cat	horse	0.0715	-2.1425	2.6375	0.03137	pgd_eps=0.03137254901960784_alpha=0.00784313725490196_steps=100_rs=0
adv	cat_3	27	cat	horse	0.0715	-2.1412	2.6386	0.03137	pgd_eps=0.03137254901960784_alpha=0.00784313725490196_steps=100_rs=0
adv	cat_3	28	cat	horse	0.0714	-2.1468	2.6399	0.03137	pgd_eps=0.03137254901960784_alpha=0.00784313725490196_steps=100_rs=0
adv	cat_3	29	cat	horse	0.0713	-2.1463	2.6407	0.03137	pgd_eps=0.03137254901960784_alpha=0.00784313725490196_steps=100_rs=0
adv	cat_3	30	cat	horse	0.0713	-2.1504	2.6410	0.03137	pgd_eps=0.03137254901960784_alpha=0.00784313725490196_steps=100_rs=0
adv	cat_3	31	cat	horse	0.0712	-2.1478	2.6420	0.03137	pgd_eps=0.03137254901960784_alpha=0.00784313725490196_steps=100_rs=0
adv	cat_3	32	cat	horse	0.0713	-2.1513	2.6413	0.03137	pgd_eps=0.03137254901960784_alpha=0.00784313725490196_steps=100_rs=0
adv	cat_3	33	cat	horse	0.0712	-2.1484	2.6424	0.03137	pgd_eps=0.03137254901960784_alpha=0.00784313725490196_steps=100_rs=0
adv	cat_3	34	cat	horse	0.0712	-2.1511	2.6418	0.03137	pgd_eps=0.03137254901960784_alpha=0.00784313725490196_steps=100_rs=0
adv	cat_3	35	cat	horse	0.0712	-2.1487	2.6425	0.03137	pgd_eps=0.03137254901960784_alpha=0.00784313725490196_steps=100_rs=0
adv	cat_3	36	cat	horse	0.0712	-2.1516	2.6424	0.03137	pgd_eps=0.03137254901960784_alpha=0.00784313725490196_steps=100_rs=0
adv	cat_3	37	cat	horse	0.0712	-2.1489	2.6428	0.03137	pgd_eps=0.03137254901960784_alpha=0.00784313725490196_steps=100_rs=0
adv	cat_3	38	cat	horse	0.0712	-2.1519	2.6420	0.03137	pgd_eps=0.03137254901960784_alpha=0.00784313725490196_steps=100_rs=0
adv	cat_3	39	cat	horse	0.0712	-2.1488	2.6428	0.03137	pgd_eps=0.03137254901960784_alpha=0.00784313725490196_steps=100_rs=0
adv	cat_3	40	cat	horse	0.0712	-2.1519	2.6421	0.03137	pgd_eps=0.03137254901960784_alpha=0.00784313725490196_steps=100_rs=0
adv	cat_3	41	cat	horse	0.0712	-2.1491	2.6428	0.03137	pgd_eps=0.03137254901960784_alpha=0.00784313725490196_steps=100_rs=0
adv	cat_3	42	cat	horse	0.0712	-2.1523	2.6424	0.03137	pgd_eps=0.03137254901960784_alpha=0.00784313725490196_steps=100_rs=0
adv	cat_3	43	cat	horse	0.0712	-2.1504	2.6429	0.03137	pgd_eps=0.03137254901960784_alpha=0.00784313725490196_steps=100_rs=0
adv	cat_3	44	cat	horse	0.0712	-2.1520	2.6427	0.03137	pgd_eps=0.03137254901960784_alpha=0.00784313725490196_steps=100_rs=0
adv	cat_3	45	cat	horse	0.0712	-2.1492	2.6428	0.03137	pgd_eps=0.03137254901960784_alpha=0.00784313725490196_steps=100_rs=0
adv	cat_3	46	cat	horse	0.0712	-2.1512	2.6423	0.03137	pgd_eps=0.03137254901960784_alpha=0.00784313725490196_steps=100_rs=0
adv	cat_3	47	cat	horse	0.0712	-2.1490	2.6428	0.03137	pgd_eps=0.03137254901960784_alpha=0.00784313725490196_steps=100_rs=0
adv	cat_3	48	cat	horse	0.0712	-2.1501	2.6421	0.03137	pgd_eps=0.03137254901960784_alpha=0.00784313725490196_steps=100_rs=0
adv	cat_3	49	cat	horse	0.0712	-2.1486	2.6426	0.03137	pgd_eps=0.03137254901960784_alpha=0.00784313725490196_steps=100_rs=0
adv	cat_3	50	cat	horse	0.0712	-2.1515	2.6421	0.03137	pgd_eps=0.03137254901960784_alpha=0.00784313725490196_steps=100_rs=0
adv	cat_3	51	cat	horse	0.0712	-2.1488	2.6428	0.03137	pgd_eps=0.03137254901960784_alpha=0.00784313725490196_steps=100_rs=0
adv	cat_3	52	cat	horse	0.0712	-2.1503	2.6416	0.03137	pgd_eps=0.03137254901960784_alpha=0.00784313725490196_steps=100_rs=0
adv	cat_3	53	cat	horse	0.0712	-2.1491	2.6428	0.03137	pgd_eps=0.03137254901960784_alpha=0.00784313725490196_steps=100_rs=0
adv	cat_3	54	cat	horse	0.0712	-2.1519	2.6421	0.03137	pgd_eps=0.03137254901960784_alpha=0.00784313725490196_steps=100_rs=0
adv	cat_3	55	cat	horse	0.0712	-2.1487	2.6427	0.03137	pgd_eps=0.03137254901960784_alpha=0.00784313725490196_steps=100_rs=0
adv	cat_3	56	cat	horse	0.0712	-2.1514	2.6419	0.03137	pgd_eps=0.03137254901960784_alpha=0.00784313725490196_steps=100_rs=0
adv	cat_3	57	cat	horse	0.0712	-2.1490	2.6427	0.03137	pgd_eps=0.03137254901960784_alpha=0.00784313725490196_steps=100_rs=0
adv	cat_3	58	cat	horse	0.0712	-2.1514	2.6419	0.03137	pgd_eps=0.03137254901960784_alpha=0.00784313725490196_steps=100_rs=0
adv	cat_3	59	cat	horse	0.0712	-2.1490	2.6428	0.03137	pgd_eps=0.03137254901960784_alpha=0.00784313725490196_steps=100_rs=0
adv	cat_3	60	cat	horse	0.0712	-2.1521	2.6424	0.03137	pgd_eps=0.03137254901960784_alpha=0.00784313725490196_steps=100_rs=0
adv	cat_3	61	cat	horse	0.0711	-2.1493	2.6430	0.03137	pgd_eps=0.03137254901960784_alpha=0.00784313725490196_steps=100_rs=0
adv	cat_3	62	cat	horse	0.0712	-2.1517	2.6422	0.03137	pgd_eps=0.03137254901960784_alpha=0.00784313725490196_steps=100_rs=0
adv	cat_3	63	cat	horse	0.0711	-2.1490	2.6430	0.03137	pgd_eps=0.03137254901960784_alpha=0.00784313725490196_steps=100_rs=0
adv	cat_3	64	cat	horse	0.0712	-2.1528	2.6422	0.03137	pgd_eps=0.03137254901960784_alpha=0.00784313725490196_steps=100_rs=0
adv	cat_3	65	cat	horse	0.0712	-2.1492	2.6429	0.03137	pgd_eps=0.03137254901960784_alpha=0.00784313725490196_steps=100_rs=0
adv	cat_3	66	cat	horse	0.0712	-2.1541	2.6423	0.03137	pgd_eps=0.03137254901960784_alpha=0.00784313725490196_steps=100_rs=0
adv	cat_3	67	cat	horse	0.0712	-2.1494	2.6428	0.03137	pgd_eps=0.03137254901960784_alpha=0.00784313725490196_steps=100_rs=0
adv	cat_3	68	cat	horse	0.0711	-2.1541	2.6432	0.03137	pgd_eps=0.03137254901960784_alpha=0.00784313725490196_steps=100_rs=0
adv	cat_3	69	cat	horse	0.0711	-2.1506	2.6435	0.03137	pgd_eps=0.03137254901960784_alpha=0.00784313725490196_steps=100_rs=0
adv	cat_3	70	cat	horse	0.0711	-2.1552	2.6437	0.03137	pgd_eps=0.03137254901960784_alpha=0.00784313725490196_steps=100_rs=0
adv	cat_3	71	cat	horse	0.0710	-2.1526	2.6445	0.03137	pgd_eps=0.03137254901960784_alpha=0.00784313725490196_steps=100_rs=0
adv	cat_3	72	cat	horse	0.0710	-2.1570	2.6445	0.03137	pgd_eps=0.03137254901960784_alpha=0.00784313725490196_steps=100_rs=0
adv	cat_3	73	cat	horse	0.0710	-2.1529	2.6445	0.03137	pgd_eps=0.03137254901960784_alpha=0.00784313725490196_steps=100_rs=0
adv	cat_3	74	cat	horse	0.0711	-2.1568	2.6441	0.03137	pgd_eps=0.03137254901960784_alpha=0.00784313725490196_steps=100_rs=0
adv	cat_3	75	cat	horse	0.0710	-2.1526	2.6445	0.03137	pgd_eps=0.03137254901960784_alpha=0.00784313725490196_steps=100_rs=0
adv	cat_3	76	cat	horse	0.0711	-2.1570	2.6443	0.03137	pgd_eps=0.03137254901960784_alpha=0.00784313725490196_steps=100_rs=0
adv	cat_3	77	cat	horse	0.0710	-2.1526	2.6446	0.03137	pgd_eps=0.03137254901960784_alpha=0.00784313725490196_steps=100_rs=0
adv	cat_3	78	cat	horse	0.0710	-2.1566	2.6444	0.03137	pgd_eps=0.03137254901960784_alpha=0.00784313725490196_steps=100_rs=0
adv	cat_3	79	cat	horse	0.0711	-2.1534	2.6441	0.03137	pgd_eps=0.03137254901960784_alpha=0.00784313725490196_steps=100_rs=0
adv	cat_3	80	cat	horse	0.0711	-2.1550	2.6440	0.03137	pgd_eps=0.03137254901960784_alpha=0.00784313725490196_steps=100_rs=0
adv	cat_3	81	cat	horse	0.0711	-2.1535	2.6441	0.03137	pgd_eps=0.03137254901960784_alpha=0.00784313725490196_steps=100_rs=0
adv	cat_3	82	cat	horse	0.0711	-2.1554	2.6443	0.03137	pgd_eps=0.03137254901960784_alpha=0.00784313725490196_steps=100_rs=0
adv	cat_3	83	cat	horse	0.0710	-2.1546	2.6451	0.03137	pgd_eps=0.03137254901960784_alpha=0.00784313725490196_steps=100_rs=0
adv	cat_3	84	cat	horse	0.0710	-2.1567	2.6446	0.03137	pgd_eps=0.03137254901960784_alpha=0.00784313725490196_steps=100_rs=0
adv	cat_3	85	cat	horse	0.0710	-2.1538	2.6445	0.03137	pgd_eps=0.03137254901960784_alpha=0.00784313725490196_steps=100_rs=0
adv	cat_3	86	cat	horse	0.0710	-2.1565	2.6445	0.03137	pgd_eps=0.03137254901960784_alpha=0.00784313725490196_steps=100_rs=0
adv	cat_3	87	cat	horse	0.0710	-2.1542	2.6449	0.03137	pgd_eps=0.03137254901960784_alpha=0.00784313725490196_steps=100_rs=0
adv	cat_3	88	cat	horse	0.0710	-2.1571	2.6453	0.03137	pgd_eps=0.03137254901960784_alpha=0.00784313725490196_steps=100_rs=0
adv	cat_3	89	cat	horse	0.0710	-2.1542	2.6448	0.03137	pgd_eps=0.03137254901960784_alpha=0.00784313725490196_steps=100_rs=0
adv	cat_3	90	cat	horse	0.0710	-2.1569	2.6450	0.03137	pgd_eps=0.03137254901960784_alpha=0.00784313725490196_steps=100_rs=0
adv	cat_3	91	cat	horse	0.0710	-2.1544	2.6450	0.03137	pgd_eps=0.03137254901960784_alpha=0.00784313725490196_steps=100_rs=0
adv	cat_3	92	cat	horse	0.0710	-2.1560	2.6444	0.03137	pgd_eps=0.03137254901960784_alpha=0.00784313725490196_steps=100_rs=0
adv	cat_3	93	cat	horse	0.0710	-2.1544	2.6450	0.03137	pgd_eps=0.03137254901960784_alpha=0.00784313725490196_steps=100_rs=0
adv	cat_3	94	cat	horse	0.0710	-2.1563	2.6444	0.03137	pgd_eps=0.03137254901960784_alpha=0.00784313725490196_steps=100_rs=0
adv	cat_3	95	cat	horse	0.0710	-2.1542	2.6450	0.03137	pgd_eps=0.03137254901960784_alpha=0.00784313725490196_steps=100_rs=0
adv	cat_3	96	cat	horse	0.0710	-2.1562	2.6446	0.03137	pgd_eps=0.03137254901960784_alpha=0.00784313725490196_steps=100_rs=0
adv	cat_3	97	cat	horse	0.0710	-2.1545	2.6452	0.03137	pgd_eps=0.03137254901960784_alpha=0.00784313725490196_steps=100_rs=0
adv	cat_3	98	cat	horse	0.0710	-2.1567	2.6449	0.03137	pgd_eps=0.03137254901960784_alpha=0.00784313725490196_steps=100_rs=0
adv	cat_3	99	cat	horse	0.0710	-2.1546	2.6452	0.03137	pgd_eps=0.03137254901960784_alpha=0.00784313725490196_steps=100_rs=0
adv	cat_3	100	cat	horse	0.0710	-2.1572	2.6451	0.03137	pgd_eps=0.03137254901960784_alpha=0.00784313725490196_steps=100_rs=0
adv	cat_4	0	cat	cat	0.4169	0.2902	0.8749	0.00000	pgd_eps=0.03137254901960784_alpha=0.00784313725490196_steps=100_rs=0
adv	cat_4	1	cat	cat	0.3755	0.2036	0.9794	0.00784	pgd_eps=0.03137254901960784_alpha=0.00784313725490196_steps=100_rs=0
adv	cat_4	2	cat	cat	0.3376	0.1148	1.0858	0.01569	pgd_eps=0.03137254901960784_alpha=0.00784313725490196_steps=100_rs=0
adv	cat_4	3	cat	cat	0.3041	0.0430	1.1906	0.02353	pgd_eps=0.03137254901960784_alpha=0.00784313725490196_steps=100_rs=0
adv	cat_4	4	cat	dog	0.2717	-0.0270	1.3030	0.03137	pgd_eps=0.03137254901960784_alpha=0.00784313725490196_steps=100_rs=0
adv	cat_4	5	cat	dog	0.2692	-0.0273	1.3123	0.03137	pgd_eps=0.03137254901960784_alpha=0.00784313725490196_steps=100_rs=0
adv	cat_4	6	cat	dog	0.2667	-0.0243	1.3216	0.03137	pgd_eps=0.03137254901960784_alpha=0.00784313725490196_steps=100_rs=0
adv	cat_4	7	cat	dog	0.2656	-0.0268	1.3256	0.03137	pgd_eps=0.03137254901960784_alpha=0.00784313725490196_steps=100_rs=0
adv	cat_4	8	cat	dog	0.2641	-0.0252	1.3313	0.03137	pgd_eps=0.03137254901960784_alpha=0.00784313725490196_steps=100_rs=0
adv	cat_4	9	cat	dog	0.2638	-0.0264	1.3327	0.03137	pgd_eps=0.03137254901960784_alpha=0.00784313725490196_steps=100_rs=0
adv	cat_4	10	cat	dog	0.2631	-0.0259	1.3351	0.03137	pgd_eps=0.03137254901960784_alpha=0.00784313725490196_steps=100_rs=0
adv	cat_4	11	cat	dog	0.2629	-0.0251	1.3360	0.03137	pgd_eps=0.03137254901960784_alpha=0.00784313725490196_steps=100_rs=0
adv	cat_4	12	cat	dog	0.2625	-0.0232	1.3374	0.03137	pgd_eps=0.03137254901960784_alpha=0.00784313725490196_steps=100_rs=0
adv	cat_4	13	cat	dog	0.2624	-0.0211	1.3379	0.03137	pgd_eps=0.03137254901960784_alpha=0.00784313725490196_steps=100_rs=0
adv	cat_4	14	cat	dog	0.2623	-0.0222	1.3382	0.03137	pgd_eps=0.03137254901960784_alpha=0.00784313725490196_steps=100_rs=0
adv	cat_4	15	cat	dog	0.2622	-0.0197	1.3388	0.03137	pgd_eps=0.03137254901960784_alpha=0.00784313725490196_steps=100_rs=0
adv	cat_4	16	cat	dog	0.2622	-0.0220	1.3388	0.03137	pgd_eps=0.03137254901960784_alpha=0.00784313725490196_steps=100_rs=0
adv	cat_4	17	cat	dog	0.2621	-0.0178	1.3391	0.03137	pgd_eps=0.03137254901960784_alpha=0.00784313725490196_steps=100_rs=0
adv	cat_4	18	cat	dog	0.2620	-0.0182	1.3394	0.03137	pgd_eps=0.03137254901960784_alpha=0.00784313725490196_steps=100_rs=0
adv	cat_4	19	cat	dog	0.2619	-0.0148	1.3397	0.03137	pgd_eps=0.03137254901960784_alpha=0.00784313725490196_steps=100_rs=0
adv	cat_4	20	cat	dog	0.2620	-0.0177	1.3395	0.03137	pgd_eps=0.03137254901960784_alpha=0.00784313725490196_steps=100_rs=0
adv	cat_4	21	cat	dog	0.2619	-0.0157	1.3398	0.03137	pgd_eps=0.03137254901960784_alpha=0.00784313725490196_steps=100_rs=0
adv	cat_4	22	cat	dog	0.2619	-0.0162	1.3397	0.03137	pgd_eps=0.03137254901960784_alpha=0.00784313725490196_steps=100_rs=0
adv	cat_4	23	cat	dog	0.2618	-0.0139	1.3401	0.03137	pgd_eps=0.03137254901960784_alpha=0.00784313725490196_steps=100_rs=0
adv	cat_4	24	cat	dog	0.2618	-0.0147	1.3404	0.03137	pgd_eps=0.03137254901960784_alpha=0.00784313725490196_steps=100_rs=0
adv	cat_4	25	cat	dog	0.2617	-0.0135	1.3404	0.03137	pgd_eps=0.03137254901960784_alpha=0.00784313725490196_steps=100_rs=0
adv	cat_4	26	cat	dog	0.2617	-0.0152	1.3406	0.03137	pgd_eps=0.03137254901960784_alpha=0.00784313725490196_steps=100_rs=0
adv	cat_4	27	cat	dog	0.2618	-0.0124	1.3402	0.03137	pgd_eps=0.03137254901960784_alpha=0.00784313725490196_steps=100_rs=0
adv	cat_4	28	cat	dog	0.2617	-0.0160	1.3406	0.03137	pgd_eps=0.03137254901960784_alpha=0.00784313725490196_steps=100_rs=0
adv	cat_4	29	cat	dog	0.2618	-0.0126	1.3403	0.03137	pgd_eps=0.03137254901960784_alpha=0.00784313725490196_steps=100_rs=0
adv	cat_4	30	cat	dog	0.2617	-0.0136	1.3407	0.03137	pgd_eps=0.03137254901960784_alpha=0.00784313725490196_steps=100_rs=0
adv	cat_4	31	cat	dog	0.2618	-0.0120	1.3403	0.03137	pgd_eps=0.03137254901960784_alpha=0.00784313725490196_steps=100_rs=0
adv	cat_4	32	cat	dog	0.2617	-0.0134	1.3407	0.03137	pgd_eps=0.03137254901960784_alpha=0.00784313725490196_steps=100_rs=0
adv	cat_4	33	cat	dog	0.2618	-0.0117	1.3403	0.03137	pgd_eps=0.03137254901960784_alpha=0.00784313725490196_steps=100_rs=0
adv	cat_4	34	cat	dog	0.2617	-0.0134	1.3407	0.03137	pgd_eps=0.03137254901960784_alpha=0.00784313725490196_steps=100_rs=0
adv	cat_4	35	cat	dog	0.2618	-0.0111	1.3403	0.03137	pgd_eps=0.03137254901960784_alpha=0.00784313725490196_steps=100_rs=0
adv	cat_4	36	cat	dog	0.2616	-0.0130	1.3408	0.03137	pgd_eps=0.03137254901960784_alpha=0.00784313725490196_steps=100_rs=0
adv	cat_4	37	cat	dog	0.2617	-0.0105	1.3404	0.03137	pgd_eps=0.03137254901960784_alpha=0.00784313725490196_steps=100_rs=0
adv	cat_4	38	cat	dog	0.2617	-0.0116	1.3407	0.03137	pgd_eps=0.03137254901960784_alpha=0.00784313725490196_steps=100_rs=0
adv	cat_4	39	cat	dog	0.2617	-0.0114	1.3404	0.03137	pgd_eps=0.03137254901960784_alpha=0.00784313725490196_steps=100_rs=0
adv	cat_4	40	cat	dog	0.2616	-0.0121	1.3408	0.03137	pgd_eps=0.03137254901960784_alpha=0.00784313725490196_steps=100_rs=0
adv	cat_4	41	cat	dog	0.2617	-0.0116	1.3404	0.03137	pgd_eps=0.03137254901960784_alpha=0.00784313725490196_steps=100_rs=0
adv	cat_4	42	cat	dog	0.2616	-0.0114	1.3408	0.03137	pgd_eps=0.03137254901960784_alpha=0.00784313725490196_steps=100_rs=0
adv	cat_4	43	cat	dog	0.2618	-0.0103	1.3404	0.03137	pgd_eps=0.03137254901960784_alpha=0.00784313725490196_steps=100_rs=0
adv	cat_4	44	cat	dog	0.2616	-0.0119	1.3408	0.03137	pgd_eps=0.03137254901960784_alpha=0.00784313725490196_steps=100_rs=0
adv	cat_4	45	cat	dog	0.2618	-0.0097	1.3404	0.03137	pgd_eps=0.03137254901960784_alpha=0.00784313725490196_steps=100_rs=0
adv	cat_4	46	cat	dog	0.2617	-0.0108	1.3407	0.03137	pgd_eps=0.03137254901960784_alpha=0.00784313725490196_steps=100_rs=0
adv	cat_4	47	cat	dog	0.2617	-0.0100	1.3404	0.03137	pgd_eps=0.03137254901960784_alpha=0.00784313725490196_steps=100_rs=0
adv	cat_4	48	cat	dog	0.2616	-0.0119	1.3408	0.03137	pgd_eps=0.03137254901960784_alpha=0.00784313725490196_steps=100_rs=0
adv	cat_4	49	cat	dog	0.2618	-0.0099	1.3403	0.03137	pgd_eps=0.03137254901960784_alpha=0.00784313725490196_steps=100_rs=0
adv	cat_4	50	cat	dog	0.2617	-0.0117	1.3407	0.03137	pgd_eps=0.03137254901960784_alpha=0.00784313725490196_steps=100_rs=0
adv	cat_4	51	cat	dog	0.2617	-0.0100	1.3404	0.03137	pgd_eps=0.03137254901960784_alpha=0.00784313725490196_steps=100_rs=0
adv	cat_4	52	cat	dog	0.2616	-0.0119	1.3408	0.03137	pgd_eps=0.03137254901960784_alpha=0.00784313725490196_steps=100_rs=0
adv	cat_4	53	cat	dog	0.2618	-0.0105	1.3403	0.03137	pgd_eps=0.03137254901960784_alpha=0.00784313725490196_steps=100_rs=0
adv	cat_4	54	cat	dog	0.2617	-0.0099	1.3406	0.03137	pgd_eps=0.03137254901960784_alpha=0.00784313725490196_steps=100_rs=0
adv	cat_4	55	cat	dog	0.2617	-0.0108	1.3404	0.03137	pgd_eps=0.03137254901960784_alpha=0.00784313725490196_steps=100_rs=0
adv	cat_4	56	cat	dog	0.2616	-0.0107	1.3408	0.03137	pgd_eps=0.03137254901960784_alpha=0.00784313725490196_steps=100_rs=0
adv	cat_4	57	cat	dog	0.2618	-0.0103	1.3403	0.03137	pgd_eps=0.03137254901960784_alpha=0.00784313725490196_steps=100_rs=0
adv	cat_4	58	cat	dog	0.2617	-0.0103	1.3407	0.03137	pgd_eps=0.03137254901960784_alpha=0.00784313725490196_steps=100_rs=0
adv	cat_4	59	cat	dog	0.2618	-0.0101	1.3404	0.03137	pgd_eps=0.03137254901960784_alpha=0.00784313725490196_steps=100_rs=0
adv	cat_4	60	cat	dog	0.2617	-0.0101	1.3407	0.03137	pgd_eps=0.03137254901960784_alpha=0.00784313725490196_steps=100_rs=0
adv	cat_4	61	cat	dog	0.2617	-0.0095	1.3404	0.03137	pgd_eps=0.03137254901960784_alpha=0.00784313725490196_steps=100_rs=0
adv	cat_4	62	cat	dog	0.2617	-0.0117	1.3405	0.03137	pgd_eps=0.03137254901960784_alpha=0.00784313725490196_steps=100_rs=0
adv	cat_4	63	cat	dog	0.2617	-0.0098	1.3404	0.03137	pgd_eps=0.03137254901960784_alpha=0.00784313725490196_steps=100_rs=0
adv	cat_4	64	cat	dog	0.2617	-0.0101	1.3406	0.03137	pgd_eps=0.03137254901960784_alpha=0.00784313725490196_steps=100_rs=0
adv	cat_4	65	cat	dog	0.2617	-0.0096	1.3405	0.03137	pgd_eps=0.03137254901960784_alpha=0.00784313725490196_steps=100_rs=0
adv	cat_4	66	cat	dog	0.2617	-0.0121	1.3407	0.03137	pgd_eps=0.03137254901960784_alpha=0.00784313725490196_steps=100_rs=0
adv	cat_4	67	cat	dog	0.2617	-0.0099	1.3405	0.03137	pgd_eps=0.03137254901960784_alpha=0.00784313725490196_steps=100_rs=0
adv	cat_4	68	cat	dog	0.2617	-0.0105	1.3407	0.03137	pgd_eps=0.03137254901960784_alpha=0.00784313725490196_steps=100_rs=0
adv	cat_4	69	cat	dog	0.2617	-0.0102	1.3405	0.03137	pgd_eps=0.03137254901960784_alpha=0.00784313725490196_steps=100_rs=0
adv	cat_4	70	cat	dog	0.2616	-0.0118	1.3409	0.03137	pgd_eps=0.03137254901960784_alpha=0.00784313725490196_steps=100_rs=0
adv	cat_4	71	cat	dog	0.2617	-0.0094	1.3405	0.03137	pgd_eps=0.03137254901960784_alpha=0.00784313725490196_steps=100_rs=0
adv	cat_4	72	cat	dog	0.2617	-0.0100	1.3407	0.03137	pgd_eps=0.03137254901960784_alpha=0.00784313725490196_steps=100_rs=0
adv	cat_4	73	cat	dog	0.2617	-0.0100	1.3405	0.03137	pgd_eps=0.03137254901960784_alpha=0.00784313725490196_steps=100_rs=0
adv	cat_4	74	cat	dog	0.2617	-0.0099	1.3406	0.03137	pgd_eps=0.03137254901960784_alpha=0.00784313725490196_steps=100_rs=0
adv	cat_4	75	cat	dog	0.2617	-0.0096	1.3405	0.03137	pgd_eps=0.03137254901960784_alpha=0.00784313725490196_steps=100_rs=0
adv	cat_4	76	cat	dog	0.2617	-0.0101	1.3406	0.03137	pgd_eps=0.03137254901960784_alpha=0.00784313725490196_steps=100_rs=0
adv	cat_4	77	cat	dog	0.2617	-0.0105	1.3405	0.03137	pgd_eps=0.03137254901960784_alpha=0.00784313725490196_steps=100_rs=0
adv	cat_4	78	cat	dog	0.2617	-0.0096	1.3406	0.03137	pgd_eps=0.03137254901960784_alpha=0.00784313725490196_steps=100_rs=0
adv	cat_4	79	cat	dog	0.2617	-0.0073	1.3406	0.03137	pgd_eps=0.03137254901960784_alpha=0.00784313725490196_steps=100_rs=0
adv	cat_4	80	cat	dog	0.2617	-0.0077	1.3405	0.03137	pgd_eps=0.03137254901960784_alpha=0.00784313725490196_steps=100_rs=0
adv	cat_4	81	cat	dog	0.2617	-0.0044	1.3406	0.03137	pgd_eps=0.03137254901960784_alpha=0.00784313725490196_steps=100_rs=0
adv	cat_4	82	cat	dog	0.2617	-0.0077	1.3404	0.03137	pgd_eps=0.03137254901960784_alpha=0.00784313725490196_steps=100_rs=0
adv	cat_4	83	cat	dog	0.2617	-0.0065	1.3406	0.03137	pgd_eps=0.03137254901960784_alpha=0.00784313725490196_steps=100_rs=0
adv	cat_4	84	cat	dog	0.2617	-0.0086	1.3407	0.03137	pgd_eps=0.03137254901960784_alpha=0.00784313725490196_steps=100_rs=0
adv	cat_4	85	cat	dog	0.2616	-0.0061	1.3408	0.03137	pgd_eps=0.03137254901960784_alpha=0.00784313725490196_steps=100_rs=0
adv	cat_4	86	cat	dog	0.2616	-0.0080	1.3408	0.03137	pgd_eps=0.03137254901960784_alpha=0.00784313725490196_steps=100_rs=0
adv	cat_4	87	cat	dog	0.2617	-0.0064	1.3407	0.03137	pgd_eps=0.03137254901960784_alpha=0.00784313725490196_steps=100_rs=0
adv	cat_4	88	cat	dog	0.2617	-0.0075	1.3407	0.03137	pgd_eps=0.03137254901960784_alpha=0.00784313725490196_steps=100_rs=0
adv	cat_4	89	cat	dog	0.2617	-0.0063	1.3406	0.03137	pgd_eps=0.03137254901960784_alpha=0.00784313725490196_steps=100_rs=0
adv	cat_4	90	cat	dog	0.2617	-0.0075	1.3407	0.03137	pgd_eps=0.03137254901960784_alpha=0.00784313725490196_steps=100_rs=0
adv	cat_4	91	cat	dog	0.2617	-0.0067	1.3405	0.03137	pgd_eps=0.03137254901960784_alpha=0.00784313725490196_steps=100_rs=0
adv	cat_4	92	cat	dog	0.2617	-0.0081	1.3406	0.03137	pgd_eps=0.03137254901960784_alpha=0.00784313725490196_steps=100_rs=0
adv	cat_4	93	cat	dog	0.2617	-0.0066	1.3405	0.03137	pgd_eps=0.03137254901960784_alpha=0.00784313725490196_steps=100_rs=0
adv	cat_4	94	cat	dog	0.2617	-0.0077	1.3407	0.03137	pgd_eps=0.03137254901960784_alpha=0.00784313725490196_steps=100_rs=0
adv	cat_4	95	cat	dog	0.2617	-0.0068	1.3405	0.03137	pgd_eps=0.03137254901960784_alpha=0.00784313725490196_steps=100_rs=0
adv	cat_4	96	cat	dog	0.2617	-0.0073	1.3407	0.03137	pgd_eps=0.03137254901960784_alpha=0.00784313725490196_steps=100_rs=0
adv	cat_4	97	cat	dog	0.2617	-0.0065	1.3405	0.03137	pgd_eps=0.03137254901960784_alpha=0.00784313725490196_steps=100_rs=0
adv	cat_4	98	cat	dog	0.2617	-0.0090	1.3407	0.03137	pgd_eps=0.03137254901960784_alpha=0.00784313725490196_steps=100_rs=0
adv	cat_4	99	cat	dog	0.2617	-0.0060	1.3406	0.03137	pgd_eps=0.03137254901960784_alpha=0.00784313725490196_steps=100_rs=0
adv	cat_4	100	cat	dog	0.2617	-0.0069	1.3407	0.03137	pgd_eps=0.03137254901960784_alpha=0.00784313725490196_steps=100_rs=0
